Name,Industry,AnnualRevenue,Phone,Description,Type,NumberOfEmployees,Website,BillingCountryCode,BillingCountry
Eazzy,Agriculture,241399,448-178-6042,Jt derangement NEC-l/leg,Customer,8,https://delicious.com/consectetuer/eget/rutrum/at/lorem.js,US,United States
Oozz,Education,322336,549-657-7523,Syphilitic alopecia,Partner,10,http://slate.com/sit/amet/sem/fusce/consequat/nulla.png,US,United States
Dynazzy,Utilities,422598,149-549-3421,Syphilitic alopecia,Partner,36,https://indiegogo.com/eros/vestibulum/ac/est/lacinia/nisi/venenatis.json,US,United States
Yodo,Utilities,,750-101-6832,Hordeolum externum,Customer,20,https://google.ru/lacinia/eget/tincidunt/eget.jpg,US,United States
LiveZ,Electronics,629438,918-937-5897,Premature menopause,Reseller,9,http://furl.net/sem/praesent.aspx,US,United States
Kwimbee,Retail,324241,714-567-2525,Snow veh acc-pedest,Partner,18,http://cnet.com/consectetuer/eget.png,US,United States
Twinte,Healthcare,270761,847-735-2175,Salmonella arthritis,Reseller,43,http://chron.com/velit/vivamus/vel/nulla/eget/eros/elementum.xml,US,United States
Oloo,Education,194671,270-691-4513,Lung anomaly NOS,Customer,14,https://state.gov/turpis/enim/blandit.xml,US,United States
Youbridge,Utilities,528836,738-203-9197,Hemodialysis testing,Competitor,5,http://lycos.com/sapien/cursus/vestibulum/proin/eu.html,US,United States
Realpoint,Electronics,160067,784-460-6195,Mal neo oral/pharynx NEC,Reseller,13,https://alibaba.com/in.jpg,US,United States
Gigabox,Retail,591882,954-963-1825,Louping ill,Investor,31,http://economist.com/consequat/dui.json,US,United States
Zazio,Agriculture,451475,617-631-4699,Fx trapezium bone-open,Investor,41,http://parallels.com/nullam.jpg,US,United States
Devpoint,Media,197995,367-933-6220,Fall from train-pedest,Competitor,21,https://icq.com/mi/pede/malesuada/in/imperdiet.json,US,United States
Photobug,Banking,58668,248-124-9357,Blood asp w/o resp sympt,Partner,21,http://dailymotion.com/eleifend.json,US,United States
Centimia,Education,185112,105-927-1668,Mydriasis not d/t mydrtc,Partner,6,http://businessinsider.com/ultrices/mattis/odio/donec/vitae.jpg,US,United States
Jetwire,Agriculture,320425,222-450-7841,Epidem hem conjunctivit,Customer,21,http://techcrunch.com/mollis/molestie/lorem/quisque/ut/erat.aspx,US,United States
Livefish,Other,118021,776-805-2111,Nonparaly polio-type NOS,Partner,21,https://csmonitor.com/velit/eu/est/congue.aspx,US,United States
Buzzbean,Agriculture,560960,243-365-1527,RR acc NOS-pedestrian,Competitor,37,https://dell.com/at/nunc.jpg,US,United States
Rhynoodle,Finance,568737,111-782-8179,Multi gest NEC-antepart,Customer,17,http://hao123.com/venenatis/turpis/enim.png,US,United States
Photobug,,312414,293-611-3711,Contusion of foot,Customer,48,https://toplist.cz/nisl/aenean/lectus/pellentesque/eget.jpg,US,United States
Ainyx,,,145-914-6401,Cerebrovascular anomaly,Customer,14,http://ca.gov/metus/arcu/adipiscing/molestie/hendrerit.aspx,US,United States
Twinte,,468539,268-850-7963,Vasc lesion cord-deliver,Partner,1,http://wikia.com/posuere/cubilia/curae.json,US,United States
Photobean,Electronics,375123,669-761-1705,Anomalies of aortic arch,Competitor,24,https://amazonaws.com/non/velit/donec/diam/neque/vestibulum/eget.aspx,US,United States
Tazzy,Agriculture,677404,361-216-0860,Cnsl prnt-adpt chld prob,Partner,28,https://cbsnews.com/pellentesque/viverra/pede/ac/diam/cras/pellentesque.jpg,US,United States
Skimia,Finance,437031,544-497-9818,Child neglect-nutrition,Customer,17,http://ucoz.ru/nisl/duis/ac.png,US,United States
Bubblebox,Healthcare,156148,858-394-4871,Acute miliary tb-no exam,Reseller,40,https://youtube.com/eget/semper/rutrum.html,US,United States
Avavee,Finance,627676,533-830-6874,3rd deg burn low leg,Investor,49,http://cocolog-nifty.com/sollicitudin/ut/suscipit/a/feugiat/et.jsp,US,United States
Ntag,Education,156709,137-252-0116,Deep 3rd deg burn knee,Competitor,19,http://npr.org/lacus.jsp,US,United States
Youopia,Utilities,577993,318-477-8398,Mantle cell lymph multip,Reseller,16,http://mashable.com/interdum/mauris/ullamcorper/purus/sit/amet.xml,US,United States
Rhynyx,Education,673897,681-151-3476,Cl skul base fx-coma NOS,Partner,13,https://simplemachines.org/nulla/tempus/vivamus/in/felis/eu.png,US,United States
Edgetag,Utilities,101420,516-339-6048,Adv eff gamma globulin,Competitor,25,https://buzzfeed.com/lectus/pellentesque/at/nulla/suspendisse.png,US,United States
Mita,Media,562938,800-457-2220,Hx-genital/obs dis NEC,Investor,6,http://ucoz.ru/adipiscing/elit/proin/risus.png,US,United States
Tekfly,Utilities,661595,441-712-4754,Toxic encph & encephlomy,Customer,33,http://unesco.org/quis/libero/nullam/sit/amet.json,US,United States
Bubblebox,Utilities,94814,959-932-9987,Cong elevation-scapula,Customer,3,https://mlb.com/non/mi/integer/ac/neque/duis/bibendum.html,US,United States
Quinu,Finance,364484,668-861-3207,Air press change: diving,Investor,12,https://cdc.gov/justo/in.xml,US,United States
Flashdog,Utilities,254254,215-409-1483,Pelv fx-cl w/o plv disrp,Reseller,11,https://etsy.com/augue.json,US,United States
Zoomlounge,Finance,378192,888-604-5862,Mal neo gi/intra-abd NEC,Partner,34,https://ocn.ne.jp/vestibulum.xml,US,United States
Gigashots,Electronics,89376,802-729-2726,NB late anemia:isoimmun,Partner,38,https://state.tx.us/posuere.json,US,United States
Realfire,Utilities,67204,394-104-1856,Close skull fracture NEC,Reseller,37,https://jalbum.net/quam/sollicitudin/vitae.json,US,United States
Skivee,Utilities,460104,727-321-5739,"Fracture, cause NOS",Partner,35,http://washingtonpost.com/porttitor/lorem/id/ligula/suspendisse.json,US,United States
Oba,,532228,819-288-2040,Legal intervent-gas,Partner,25,http://dion.ne.jp/lacinia/sapien.xml,US,United States
JumpXS,Finance,323957,319-359-1348,Late eff of self-injury,Partner,37,http://hibu.com/nulla/ut/erat/id/mauris.jsp,US,United States
Plambee,Utilities,550764,417-573-4677,Abn pap cervix HPV NEC,Competitor,1,https://baidu.com/platea/dictumst.jpg,US,United States
Yodoo,Other,51951,295-873-3145,Antenatal screening NEC,Reseller,27,http://google.com.br/viverra.jpg,US,United States
Thoughtbridge,Retail,531750,836-754-6192,Ridden anim acc-pers NOS,Reseller,22,http://foxnews.com/venenatis.jpg,US,United States
Eidel,Healthcare,218851,943-561-0107,Foreign body head-infect,Reseller,7,http://sakura.ne.jp/fusce/posuere/felis/sed/lacus.html,US,United States
Blogpad,Banking,496969,280-434-7334,Pois-anti-parkinson drug,Customer,38,http://baidu.com/ac/consequat.aspx,US,United States
Zoomdog,Education,376981,122-666-5946,2 deg burn back of hand,Partner,28,https://addthis.com/porta/volutpat.jpg,US,United States
Flashspan,Agriculture,602796,842-257-9219,Hair anomalies NEC,Partner,47,http://columbia.edu/ultrices/phasellus/id.html,US,United States
Flashpoint,Retail,565284,843-375-6632,Mult lb/sb-in hosp w cs,Investor,22,http://freewebs.com/at/velit/vivamus/vel/nulla/eget.json,US,United States
Npath,Retail,57992,470-573-3492,Heterotropia NOS,Partner,30,https://csmonitor.com/tempus/vel/pede/morbi/porttitor/lorem.xml,US,United States
Devpoint,Finance,185102,559-103-4466,Spinal cord inj at birth,Investor,14,http://usatoday.com/pede.aspx,US,United States
Dynabox,Utilities,128501,323-651-3483,Dis amino-acid metab NEC,Competitor,31,http://myspace.com/pede/justo/eu/massa.jpg,US,United States
Chatterpoint,Healthcare,686987,527-236-8880,Abdomen/pelvis symp NEC,Competitor,5,https://tripadvisor.com/maecenas/rhoncus/aliquam/lacus.html,US,United States
Fiveclub,Retail,,194-533-7624,Tick-borne relaps fever,Investor,27,https://mysql.com/suscipit.jsp,US,United States
Ozu,Retail,355056,674-740-6067,Pancreatic disease NOS,Competitor,46,http://answers.com/parturient/montes/nascetur/ridiculus.jsp,US,United States
Jayo,Utilities,,943-749-7345,Schizophr dis resid-chr,Competitor,28,http://sohu.com/nibh/in/hac/habitasse/platea/dictumst.json,US,United States
Voonte,Utilities,110853,460-311-7541,Mgkrycyt leuk w rmsion,Competitor,33,https://mozilla.org/eget/massa/tempor/convallis/nulla/neque.jsp,US,United States
Jabbertype,Other,399812,250-612-2614,Palindrom rheum-unspec,Competitor,3,https://ycombinator.com/imperdiet/et/commodo.xml,US,United States
Myworks,Finance,228392,820-865-5712,Oth off-road mv-pers NEC,Reseller,38,https://rakuten.co.jp/convallis/tortor/risus/dapibus/augue.js,US,United States
Feedspan,Media,359741,611-773-9557,Malign neo pineal gland,Partner,47,http://wufoo.com/mauris/viverra/diam.aspx,US,United States
Ntags,Finance,502805,732-982-9202,"AMI NOS, unspecified",Investor,40,http://soup.io/consequat.jpg,US,United States
Twitterlist,Utilities,188920,135-516-9999,Open wound of back,Customer,33,http://tuttocitta.it/justo/maecenas/rhoncus/aliquam/lacus/morbi/quis.js,US,United States
Quire,Banking,100324,623-955-0730,Pulmonary TB NOS-unspec,Customer,29,https://fc2.com/justo/etiam/pretium/iaculis/justo.jsp,US,United States
Jazzy,Retail,93475,991-881-3783,Traum hemothorax-closed,Competitor,7,https://microsoft.com/nulla/sed/accumsan/felis.html,US,United States
Jaloo,Agriculture,61832,807-761-3679,Idio hypersom-no lng slp,Investor,44,http://newyorker.com/erat/nulla/tempus.html,US,United States
Wikido,Education,83290,611-480-6874,Adjustment reaction NEC,Competitor,11,https://dailymail.co.uk/blandit/ultrices/enim/lorem/ipsum/dolor.png,US,United States
Tekfly,Agriculture,617738,994-594-2200,Mild nonprolf db retnoph,Partner,24,https://usnews.com/curabitur/at/ipsum/ac.jsp,US,United States
Livetube,Utilities,628939,246-877-5579,Bartter's syndrome,Competitor,40,http://ow.ly/at/nibh/in/hac/habitasse/platea/dictumst.xml,US,United States
Skipstorm,Education,197346,899-543-3510,Liveborn NOS-hosp w cs,Customer,7,https://bravesites.com/ultrices/libero/non/mattis/pulvinar/nulla.js,US,United States
Brainlounge,Healthcare,617212,944-391-9344,Loc 2nd osteoart-forearm,Reseller,16,http://example.com/quam/fringilla/rhoncus.aspx,US,United States
Eadel,Finance,127524,937-307-6973,Cataract NOS,Competitor,11,https://hostgator.com/curae/duis.json,US,United States
Yakidoo,Electronics,94534,393-225-6041,Abn pelv NEC-deliv w p/p,Investor,2,http://smh.com.au/varius/nulla/facilisi/cras/non/velit/nec.jsp,US,United States
Flashspan,Education,384973,574-640-0554,Lichenification,Partner,10,https://independent.co.uk/congue/etiam.jsp,US,United States
Eazzy,Education,57944,335-484-3436,Tox dif goiter w crisis,Customer,43,http://gravatar.com/at/diam.jpg,US,United States
Mudo,Banking,523059,470-730-4288,Open wnd knee/leg-compl,Reseller,1,http://wikispaces.com/augue/vestibulum/rutrum/rutrum/neque.html,US,United States
Livepath,Electronics,520599,159-656-7252,Obs chr bronc w(ac) exac,Customer,10,http://spotify.com/mollis/molestie/lorem/quisque/ut.html,US,United States
Buzzshare,Agriculture,649953,930-811-8221,Yaws of bone & joint,Investor,16,https://diigo.com/justo/eu/massa/donec.json,US,United States
Trudoo,Finance,530491,376-935-3643,Dvrtcli sml int w hmrhg,Customer,46,http://yahoo.co.jp/felis/sed/lacus/morbi/sem/mauris.html,US,United States
Oba,Utilities,422481,607-316-4922,Lym-hst unsp xtrndl orgn,Competitor,29,https://boston.com/ut/mauris/eget/massa/tempor.json,US,United States
Realblab,,102296,696-303-3411,Ac bulbar polio-type 3,Competitor,14,https://tripadvisor.com/ac/diam/cras/pellentesque/volutpat.json,US,United States
Meemm,Education,300362,559-107-9762,Chr fibrous thyroiditis,Customer,11,https://github.com/nulla/sed/vel/enim.json,US,United States
Photolist,Healthcare,370567,872-960-6512,"AMI inferopost, subseq",Partner,29,https://last.fm/nulla/neque.png,US,United States
Youtags,Education,407070,521-401-6101,TB urinary NEC-unspec,Partner,46,https://gizmodo.com/proin/at/turpis/a.xml,US,United States
Trupe,Healthcare,155513,391-937-7421,Corneal pannus,Investor,2,http://smugmug.com/justo/eu.json,US,United States
Blognation,Finance,652212,454-263-7860,Cont/exp hazard sub NEC,Customer,5,http://icio.us/quam/a/odio.json,US,United States
Dabtype,Education,430411,833-508-3715,Fx up radius NEC/NOS-cl,Competitor,20,https://nymag.com/sapien/cum/sociis/natoque/penatibus/et/magnis.jsp,US,United States
Yadel,Banking,473335,678-782-3549,Strongyloidiasis,Partner,42,http://kickstarter.com/semper.json,US,United States
Twimbo,Healthcare,528555,771-627-1693,Oth spcf dsdr urethra,Competitor,4,http://gmpg.org/turpis.jpg,US,United States
Gabcube,Other,228457,200-946-9369,Venezuelan equine fever,Competitor,42,https://sciencedaily.com/amet.png,US,United States
Skyba,Healthcare,131719,405-788-9974,Lymphomas NEC mult,Reseller,43,http://naver.com/sollicitudin/ut.png,US,United States
Ntags,Utilities,354704,994-312-6518,Pneumococcal meningitis,Partner,30,http://sciencedaily.com/praesent.xml,US,United States
Wordware,Other,178044,515-764-6603,Extreme immatur <500g,Customer,3,https://yandex.ru/sem/sed.jsp,US,United States
Voomm,Electronics,234769,391-106-2182,Genetc susc mal neo endo,Partner,28,http://sphinn.com/sed.js,US,United States
Yabox,Media,434680,192-677-6414,TB of mastoid-histo dx,Investor,10,http://toplist.cz/amet/eleifend/pede/libero/quis/orci.xml,US,United States
Meembee,Healthcare,627240,318-447-6740,Cong face/neck anom NOS,Customer,49,http://sogou.com/luctus/tincidunt/nulla/mollis/molestie/lorem/quisque.html,US,United States
Quaxo,Healthcare,576436,138-219-2291,Brain hem opn w/o coma,Partner,34,https://alexa.com/justo/sollicitudin/ut/suscipit.xml,US,United States
Zoomdog,Education,580410,962-693-1061,Fall in sports,Partner,8,http://mysql.com/congue.xml,US,United States
Blognation,Retail,138496,500-785-3322,Maxillary asymmetry,Customer,26,https://cbsnews.com/tincidunt/in/leo/maecenas/pulvinar/lobortis.jpg,US,United States
Kare,Other,,807-861-8689,Noncmplnt w renal dialys,Investor,21,https://constantcontact.com/orci/nullam/molestie/nibh.json,US,United States
Npath,Banking,332307,544-518-7845,Jt derangmnt NEC-forearm,Customer,27,https://sfgate.com/dictumst.xml,US,United States
Flashspan,Media,130487,789-529-3770,Cutaneous actinomycosis,Investor,29,http://vistaprint.com/nulla/pede/ullamcorper/augue/a/suscipit.xml,US,United States
Blogspan,Healthcare,513047,782-542-8972,Retained dental root,Customer,21,http://imgur.com/non/interdum/in/ante.jsp,US,United States
Voonte,Electronics,142668,695-788-8021,Fem pelv inflam dis NOS,Reseller,39,https://japanpost.jp/pede/ac.json,US,United States
Ozu,Education,235705,189-612-6784,Ca in situ skin leg,Reseller,45,http://oracle.com/dignissim/vestibulum/vestibulum.json,US,United States
Tanoodle,,,341-785-7452,Intraocular FB NOS,Customer,26,https://springer.com/nisi/vulputate/nonummy.html,US,United States
Skyvu,Agriculture,382746,610-705-3127,Dysmenorrhea,Investor,38,https://trellian.com/sit/amet.js,US,United States
Thoughtbeat,Other,522104,419-624-7579,Oth mgr wo ntrc w st mgr,Partner,22,http://friendfeed.com/in/faucibus/orci/luctus/et/ultrices.png,US,United States
Zoomlounge,Other,614740,188-997-1677,Varus deformity wrist,Competitor,45,https://pinterest.com/eget/nunc.json,US,United States
Zooveo,Electronics,540245,861-739-9391,Lens replacement NEC,Investor,42,https://nba.com/duis.png,US,United States
Realblab,Other,147578,795-819-0820,Anal sphincter tear-old,Partner,2,http://hc360.com/eu/est/congue/elementum/in/hac/habitasse.js,US,United States
Tavu,Utilities,374581,466-491-1376,Other streptococcus,Reseller,32,https://unesco.org/consectetuer/adipiscing.jpg,US,United States
Aimbu,Healthcare,259955,960-489-0537,Adv eff antidepressants,Competitor,41,https://apple.com/non/ligula.html,US,United States
Riffpedia,Other,,531-355-6418,Burkitt's tumor abdom,Reseller,36,https://pbs.org/vestibulum/ac/est/lacinia.html,US,United States
Jetpulse,Utilities,696548,267-371-2914,Disrup internal op wound,Reseller,32,https://chron.com/molestie/nibh/in/lectus/pellentesque.jsp,US,United States
Youtags,Healthcare,,419-416-7221,Finger injury NOS,Investor,17,https://theguardian.com/tortor/sollicitudin.json,US,United States
Leenti,Media,98731,789-955-6978,Priv dwel fire-burning,Customer,33,https://bing.com/sapien/varius/ut.jpg,US,United States
Jabbercube,Utilities,54039,824-318-0829,Congen CV dis-del w p/p,Reseller,7,http://telegraph.co.uk/vestibulum/sit/amet/cursus/id.json,US,United States
Teklist,Agriculture,51474,389-372-3864,W/crft fall NOS-pers NOS,Investor,32,https://umn.edu/natoque/penatibus/et/magnis/dis/parturient/montes.html,US,United States
Nlounge,Healthcare,618715,981-408-7750,Oth intrst lung dis chld,Partner,40,http://mapy.cz/nec/condimentum/neque/sapien.js,US,United States
Devpulse,Finance,503981,559-887-3480,Mv n-traff NEC-pedest,Customer,41,http://ucoz.com/pellentesque/quisque/porta/volutpat.aspx,US,United States
Youspan,Education,200484,714-584-3474,Symblepharon,Reseller,32,http://cnbc.com/amet/nunc/viverra/dapibus/nulla/suscipit.js,US,United States
Realbridge,Media,699921,881-921-6194,Contusion of ankle,Competitor,21,https://boston.com/urna/pretium/nisl/ut.js,US,United States
Tagopia,Education,104656,802-985-2835,Cramp in limb,Partner,48,http://tripadvisor.com/porttitor/id/consequat/in.html,US,United States
Voonyx,Banking,,511-469-0530,Triplets w fet loss-unsp,Customer,14,https://apache.org/ut/suscipit/a/feugiat/et.json,US,United States
Gabtype,Other,684070,713-242-7022,Trochanteric fx NOS-open,Competitor,31,http://ameblo.jp/pretium.aspx,US,United States
Wordtune,Electronics,677262,321-747-5965,"Fx scap, glen cav/nck-cl",Investor,14,http://umn.edu/cubilia/curae/mauris/viverra/diam.xml,US,United States
Kwilith,Healthcare,211016,984-479-9387,Hypersomnia in other dis,Competitor,1,http://newsvine.com/neque/sapien/placerat.aspx,US,United States
Zazio,Agriculture,354319,692-230-6489,"Ac inf fol trans,inf bld",Investor,21,http://booking.com/aenean/lectus/pellentesque/eget/nunc.aspx,US,United States
Janyx,,504593,632-536-6657,Bladder neck obstruction,Competitor,31,https://ameblo.jp/ligula.html,US,United States
Tambee,Agriculture,295059,387-393-7562,Oth leuk w/o achv rmsn,Competitor,29,http://omniture.com/viverra.html,US,United States
Yamia,Agriculture,673049,666-535-5814,Adhesion tymp-promontor,Partner,11,https://ocn.ne.jp/luctus/ultricies.aspx,US,United States
Skilith,Electronics,378233,217-923-3473,"BMI,pediatric 85% - <95%",Reseller,42,https://irs.gov/interdum/mauris/ullamcorper/purus/sit/amet.xml,US,United States
Skynoodle,Finance,350195,692-738-9985,Trans alter awareness,Customer,37,https://illinois.edu/lacus/morbi/quis.json,US,United States
Dynazzy,Media,562387,842-863-8661,Poison-analgesics,Investor,1,https://wired.com/tortor/id/nulla/ultrices/aliquet.aspx,US,United States
Trilia,Healthcare,,377-240-1713,TB of ear-oth test,Partner,29,https://cmu.edu/nisl/ut/volutpat/sapien/arcu/sed/augue.jpg,US,United States
Skyndu,Other,660645,169-403-7486,Fall-parachutist,Reseller,38,http://blog.com/convallis/duis.xml,US,United States
Linktype,Education,283445,518-909-0426,Spleen disruption-clos,Competitor,47,https://nsw.gov.au/eu/nibh.aspx,US,United States
Zoomcast,Media,635751,219-278-9848,Opn skl fx NEC-prol coma,Investor,22,https://washington.edu/turpis/elementum/ligula.jsp,US,United States
Thoughtstorm,Education,361930,365-447-8112,Crys arthrop NEC-forearm,Competitor,43,https://jigsy.com/cubilia/curae.jsp,US,United States
Edgepulse,Media,668968,119-610-8757,Traum arthropathy-up/arm,Investor,37,https://netvibes.com/eros/viverra/eget/congue.png,US,United States
Cogilith,Finance,309125,626-172-1934,Aftrcre surg respsys NEC,Reseller,36,http://wisc.edu/nibh/in/lectus/pellentesque/at/nulla.jpg,US,United States
Edgewire,Utilities,614046,328-320-7125,Leucocoria,Competitor,39,https://slashdot.org/est/lacinia.js,US,United States
Flipopia,Media,617609,429-222-1146,Scleritis NEC,Customer,13,https://techcrunch.com/nisl/venenatis/lacinia/aenean/sit/amet/justo.html,US,United States
Browsebug,Electronics,495565,874-927-7959,H zoster complicated NOS,Competitor,36,https://cisco.com/blandit/non/interdum/in/ante.js,US,United States
Rhynoodle,Retail,318183,286-747-1602,Burn cornea/conjunct NEC,Competitor,18,https://so-net.ne.jp/eu.png,US,United States
Shufflester,Banking,236934,871-380-0566,Diastolc hrt failure NOS,Partner,14,http://tumblr.com/ipsum/primis/in/faucibus/orci/luctus.jpg,US,United States
Zoomcast,Other,533789,955-873-6761,Merkel cell ca-up limb,Partner,12,https://ifeng.com/integer/non/velit/donec/diam.jsp,US,United States
Riffpedia,Finance,423762,171-633-4503,Conjunctivitis NEC,Competitor,1,http://dailymotion.com/pede.json,US,United States
Eare,Finance,131410,190-370-4823,General medical exam NOS,Reseller,3,https://apache.org/dapibus/augue/vel/accumsan/tellus/nisi/eu.json,US,United States
Browsecat,Utilities,156205,218-496-6692,Derange ant lat meniscus,Competitor,1,http://addtoany.com/imperdiet.png,US,United States
Browsecat,Finance,372259,336-507-0556,Jaundice NOS,Investor,33,https://washingtonpost.com/pede/posuere/nonummy/integer.json,US,United States
Devpulse,,633537,678-883-4799,Dental caries - dentine,Customer,12,http://wp.com/quam/pede/lobortis/ligula/sit/amet/eleifend.json,US,United States
Topicblab,Electronics,497735,335-283-0693,Lat disloc prox tibia-cl,Partner,3,https://gizmodo.com/turpis/eget/elit.js,US,United States
Flipbug,Healthcare,527555,354-377-6513,Cracked nipple preg-unsp,Investor,40,http://patch.com/sit/amet/turpis/elementum/ligula/vehicula.json,US,United States
Snaptags,Agriculture,555720,414-235-1399,TB of bladder-exam unkn,Investor,1,http://scribd.com/consectetuer.jsp,US,United States
Riffwire,Electronics,630481,850-241-6573,Derangement meniscus NEC,Investor,48,https://msu.edu/odio/justo/sollicitudin/ut/suscipit.jpg,US,United States
Meezzy,Agriculture,384651,953-287-6092,Fissural cysts of jaw,Reseller,30,https://wikimedia.org/nonummy/integer.jsp,US,United States
Bubbletube,Retail,493909,835-859-6984,Labyrinth fistula comb,Reseller,29,http://msu.edu/odio.xml,US,United States
Zava,Healthcare,193609,963-545-3204,Malign neopl cerebrum,Customer,11,https://canalblog.com/at.html,US,United States
Yakidoo,Banking,505021,435-889-9531,Septic myocarditis,Customer,20,http://dagondesign.com/sagittis/nam/congue/risus/semper/porta/volutpat.aspx,US,United States
Zoomzone,Banking,621448,666-523-5353,Cns TB NOS-micro dx,Competitor,25,http://msu.edu/risus/auctor/sed/tristique.aspx,US,United States
Blogtag,Electronics,153461,750-973-3557,Dev dislocat joint-shldr,Partner,30,http://pen.io/sit.json,US,United States
Thoughtsphere,Media,663913,826-211-2123,Endophthalmitis NEC,Reseller,40,http://last.fm/orci/pede/venenatis/non/sodales/sed/tincidunt.js,US,United States
Fanoodle,Electronics,50254,496-817-0285,Bursal cyst NEC,Reseller,24,http://ning.com/morbi/non/quam/nec/dui/luctus.html,US,United States
Centimia,Utilities,142004,195-980-3622,Episdic tension headache,Reseller,50,http://gov.uk/non.jsp,US,United States
Abata,Healthcare,416168,459-382-5554,Derang post med meniscus,Reseller,25,https://ucoz.com/leo.xml,US,United States
Bubbletube,Utilities,226594,588-271-0811,Mv coll w obj-st car,Competitor,19,https://wix.com/amet/sem/fusce/consequat/nulla.png,US,United States
Yakijo,Utilities,267501,115-870-6951,Superficial injury NEC,Partner,14,http://gov.uk/id/ligula/suspendisse/ornare/consequat/lectus.png,US,United States
Topiclounge,Finance,215126,209-918-9751,Adv eff thyroid & deriv,Reseller,5,http://goo.gl/parturient/montes/nascetur/ridiculus.json,US,United States
Yambee,Retail,557318,435-160-6710,Malign neopl prostate,Investor,33,https://networkadvertising.org/at.png,US,United States
Wordify,,579145,295-853-4872,Sweat gland disorder NOS,Reseller,45,https://princeton.edu/eu/mi.aspx,US,United States
Ozu,Education,381959,293-461-8744,Premenstrual tension,Competitor,29,https://amazonaws.com/egestas/metus/aenean/fermentum/donec/ut.png,US,United States
Skyba,Electronics,508350,341-197-8010,Orbt deform d/t bone dis,Partner,10,http://topsy.com/placerat/praesent/blandit/nam/nulla/integer/pede.aspx,US,United States
Jayo,Agriculture,130496,196-871-6179,Mal neo nervous syst NEC,Reseller,12,https://imageshack.us/in/hac.jsp,US,United States
Skilith,Banking,,944-791-2494,Membranoprolif nephrosis,Investor,36,http://hibu.com/pellentesque/quisque/porta/volutpat/erat/quisque/erat.jsp,US,United States
Topdrive,Utilities,130397,442-336-5860,TB male gen NEC-cult dx,Partner,46,https://homestead.com/ultricies.aspx,US,United States
Jabberstorm,Other,643804,532-826-6197,Contracted palmar fascia,Reseller,2,https://accuweather.com/vitae/ipsum/aliquam/non.png,US,United States
Aimbu,Retail,370274,278-843-4906,Twin gest-plac/sac undet,Partner,11,http://sakura.ne.jp/pellentesque/ultrices/mattis/odio/donec.jpg,US,United States
Devpulse,Media,561454,214-897-0024,Dental restoratn status,Customer,32,https://csmonitor.com/tempor/convallis/nulla/neque/libero.js,US,United States
Feedfire,Healthcare,287401,967-944-9326,Fall from playgrnd equip,Partner,21,http://edublogs.org/dictumst/maecenas/ut/massa/quis/augue.jsp,US,United States
Youfeed,Banking,571912,925-215-9749,Mv collision NOS-pasngr,Reseller,5,http://samsung.com/ac/consequat/metus.png,US,United States
Fiveclub,,155980,645-970-5733,Staphylcocc septicem NEC,Customer,3,https://mozilla.com/id.png,US,United States
Roombo,Retail,362645,642-624-9383,Mal neo female genit NEC,Investor,16,https://illinois.edu/mauris/sit/amet/eros/suspendisse/accumsan.jsp,US,United States
Centizu,Electronics,61849,532-949-1257,Depress psychosis-unspec,Reseller,47,https://bloglovin.com/suscipit/nulla/elit/ac/nulla.json,US,United States
Fiveclub,Banking,115837,207-208-6948,2nd deg burn head NOS,Partner,19,https://gnu.org/semper/sapien/a/libero/nam.jsp,US,United States
Avamm,Media,384674,576-847-7349,Ariboflavinosis,Investor,37,http://dmoz.org/risus/semper.html,US,United States
Realcube,Finance,436934,240-364-7453,Opn brain lacer-coma NOS,Investor,44,https://eventbrite.com/sollicitudin/mi/sit/amet.jpg,US,United States
Youfeed,Agriculture,576225,401-104-7179,Fx gr tuberos humerus-cl,Partner,37,https://virginia.edu/odio/condimentum/id/luctus/nec.jpg,US,United States
Twimbo,Utilities,141573,565-483-8740,Puerp compl NEC-unspec,Competitor,25,http://sogou.com/tellus/nisi/eu/orci.json,US,United States
Meevee,Agriculture,568544,920-316-8780,Affectiv personality NOS,Partner,46,https://amazon.co.jp/nunc/donec/quis/orci/eget/orci/vehicula.js,US,United States
Twinte,Electronics,556055,267-144-1117,Fx arms w rib/stern-open,Partner,8,https://earthlink.net/quam/pede/lobortis/ligula.aspx,US,United States
Topicblab,Healthcare,123558,703-318-0894,Breast prosth malfunc,Partner,13,https://wisc.edu/dictumst.png,US,United States
Skaboo,Education,276511,948-703-5135,Vascular hamartomas,Partner,12,http://cnet.com/justo/morbi/ut.js,US,United States
Buzzdog,Retail,698139,489-102-8767,Power aircraft acc-milit,Customer,38,https://un.org/diam/vitae.aspx,US,United States
Thoughtbeat,Education,259576,629-736-6732,Legal intervention NEC,Competitor,45,https://cbsnews.com/luctus/et/ultrices/posuere.html,US,United States
Eabox,Banking,,118-215-3428,Postlaminectomy lordosis,Competitor,25,https://apache.org/pharetra/magna/vestibulum.jpg,US,United States
Kwinu,Banking,301655,846-700-7364,Traum subcutan emphysema,Reseller,25,https://unc.edu/eget/semper/rutrum.aspx,US,United States
Flipbug,Banking,170022,557-875-2957,Arthrop w system dis NEC,Partner,9,https://oaic.gov.au/hac/habitasse/platea/dictumst/etiam.xml,US,United States
Fiveclub,Media,110731,382-550-2263,Child emotnl/psych abuse,Competitor,33,https://nsw.gov.au/diam/id/ornare/imperdiet/sapien/urna/pretium.jpg,US,United States
Rooxo,Healthcare,373845,266-227-1558,Unc behav neo urinar NEC,Partner,35,https://alibaba.com/risus/praesent/lectus/vestibulum/quam/sapien.jpg,US,United States
Leenti,Education,530643,337-216-5957,Infl myopathy in oth dis,Reseller,38,https://home.pl/tincidunt/in/leo.json,US,United States
Twitterbeat,Healthcare,182626,555-266-9926,"Amputation leg, bilat",Reseller,32,https://ucoz.ru/id.html,US,United States
Topiczoom,Healthcare,548704,783-198-4702,Prem rupt memb-antepart,Reseller,4,http://tripod.com/sapien/in/sapien/iaculis/congue.aspx,US,United States
Kaymbo,Other,362550,681-300-4825,Male genetc test dis car,Reseller,26,https://opera.com/orci/vehicula.html,US,United States
Twitternation,Agriculture,176245,680-523-8266,Postablat testic hypofun,Reseller,44,https://hhs.gov/mollis/molestie/lorem.jsp,US,United States
Browsezoom,Other,550187,901-560-8232,Nonsp abn find-body NEC,Investor,1,http://nbcnews.com/in/lectus/pellentesque/at/nulla/suspendisse/potenti.html,US,United States
Topicshots,Finance,692983,493-636-6259,Malignant otitis externa,Customer,6,https://google.pl/est/congue.jpg,US,United States
Plajo,Electronics,399836,863-899-3111,Spasm sphincter of oddi,Investor,32,http://forbes.com/nibh.html,US,United States
Jaloo,Media,430934,925-801-6940,Epidemic vomiting synd,Investor,13,http://webnode.com/dapibus/augue.json,US,United States
Wikivu,Agriculture,419461,405-282-7051,Fracture seven ribs-clos,Reseller,37,http://google.com.br/curabitur/in/libero/ut.js,US,United States
Buzzdog,Agriculture,195394,787-899-4786,Aftrcare path fx low leg,Competitor,4,https://skyrock.com/est/et/tempus.json,US,United States
Jaxspan,Media,120470,642-600-5231,"Late effect, war injury",Reseller,13,https://statcounter.com/dapibus.json,US,United States
Youfeed,Healthcare,644414,987-791-5770,Fx capitate bone-open,Investor,40,https://joomla.org/non/mi/integer/ac/neque/duis/bibendum.jsp,US,United States
Vipe,Other,614579,863-378-5798,Explosives accident NEC,Investor,43,https://shareasale.com/neque.aspx,US,United States
Trilia,Retail,79747,734-415-0875,Suprf inj forarm NEC-inf,Partner,7,http://w3.org/molestie/nibh/in/lectus.xml,US,United States
Riffpedia,Agriculture,,752-223-9298,Ob surg compl-del w p/p,Reseller,24,https://oaic.gov.au/velit/id/pretium.html,US,United States
Gevee,Retail,337991,431-341-7915,Ridden anim acc-pers NOS,Competitor,42,https://fastcompany.com/magna/ac/consequat/metus/sapien.json,US,United States
Blogpad,Agriculture,353544,886-806-4468,Edema pharynx/nasopharyx,Customer,31,http://bandcamp.com/aliquam/augue/quam/sollicitudin/vitae/consectetuer.aspx,US,United States
Gigazoom,Education,421887,918-608-6836,Thyrotox NOS w crisis,Partner,32,http://state.gov/urna.aspx,US,United States
Eimbee,Retail,108479,747-914-7119,Varus deformity wrist,Reseller,33,https://hc360.com/sit/amet/diam/in/magna.aspx,US,United States
Vinder,Other,384855,280-643-4394,Trans arthropath-forearm,Reseller,9,https://berkeley.edu/non/sodales/sed/tincidunt/eu/felis/fusce.png,US,United States
Skivee,Agriculture,244899,751-236-8508,Singl livebrn-before adm,Customer,11,https://disqus.com/potenti/nullam/porttitor/lacus/at/turpis.aspx,US,United States
Skyba,,301375,377-229-3862,Mv traff acc NEC-mocycl,Reseller,3,http://themeforest.net/eget/massa/tempor/convallis/nulla/neque/libero.xml,US,United States
Jazzy,Other,256068,791-825-9928,Inj port/splen vess NEC,Partner,35,http://mozilla.com/tempus/semper/est/quam/pharetra.html,US,United States
Rhynyx,Utilities,543190,572-875-4688,Hx-trophoblastic disease,Competitor,14,https://imgur.com/justo/etiam/pretium.xml,US,United States
Ntag,Retail,337411,873-376-9986,Cervical disc degen,Reseller,41,http://pbs.org/quis/tortor.jsp,US,United States
Brightbean,Retail,661048,736-343-0989,Disrup internal op wound,Customer,21,http://sina.com.cn/sapien/varius/ut/blandit/non/interdum/in.js,US,United States
Dynava,Utilities,467850,718-827-4997,Primary CNS lymph multip,Competitor,50,https://stumbleupon.com/nec/condimentum/neque/sapien.jsp,US,United States
Chatterpoint,Banking,413387,221-803-1395,Traum arthropathy-up/arm,Reseller,36,https://columbia.edu/nullam.js,US,United States
LiveZ,Finance,,343-802-2525,Triplets w fet loss-ante,Reseller,41,http://amazonaws.com/tincidunt/nulla/mollis/molestie/lorem/quisque.html,US,United States
Cogilith,Retail,58844,378-308-8839,Procreative mangmt NOS,Investor,44,https://mapy.cz/mauris/lacinia.jpg,US,United States
Twimbo,Retail,324167,367-185-1892,Open wound chest-compl,Partner,38,http://wikispaces.com/orci/pede/venenatis/non.jpg,US,United States
Thoughtbridge,Banking,414019,222-834-6680,Adv eff penicillins,Partner,10,http://wikispaces.com/vestibulum/ante.aspx,US,United States
Devbug,Electronics,465805,794-951-4252,Fasciitis NOS,Reseller,45,https://psu.edu/morbi/quis/tortor/id/nulla/ultrices.xml,US,United States
Gabtune,,58347,577-592-2596,Poor fetal growth-unspec,Competitor,26,https://unicef.org/iaculis.jpg,US,United States
Jaxnation,Finance,381056,479-894-5467,Routine physicl lab exam,Reseller,48,http://kickstarter.com/eu/orci.json,US,United States
Agimba,Education,380565,657-818-1222,Immune mechanism dis NEC,Investor,36,https://lycos.com/diam/erat/fermentum/justo.xml,US,United States
Topicstorm,Utilities,,249-898-0231,Parathyroid disorder NEC,Reseller,41,https://issuu.com/odio/curabitur/convallis/duis/consequat/dui.jsp,US,United States
Quamba,Finance,209699,131-202-8272,Priv dwel fire-fumes NOS,Reseller,46,http://baidu.com/posuere/cubilia.json,US,United States
Geba,Finance,602139,201-159-2195,Mv-train coll-ped cycl,Customer,19,http://state.tx.us/mauris.jpg,US,United States
Reallinks,Utilities,480822,600-211-2236,War inj:seabase art shel,Reseller,29,https://over-blog.com/lacus/purus/aliquet/at/feugiat/non.aspx,US,United States
Dynava,Banking,416698,304-628-8535,Pinta NOS,Investor,33,https://indiatimes.com/diam/vitae/quam/suspendisse/potenti.html,US,United States
Avamm,Finance,219549,712-933-5404,Meningococc myocarditis,Customer,14,https://icio.us/erat/vestibulum/sed/magna/at/nunc.png,US,United States
Oyope,Agriculture,400768,831-579-0805,Burn NOS trunk-unspec,Partner,35,http://wp.com/sit/amet/sapien/dignissim/vestibulum/vestibulum.xml,US,United States
Jabbersphere,,477940,141-308-8394,Dislocat foot NOS-open,Investor,7,http://mediafire.com/elementum/nullam/varius/nulla/facilisi/cras/non.jsp,US,United States
Zoomdog,Healthcare,676423,933-235-4933,Viral encephalitis NOS,Partner,21,https://ftc.gov/vitae/consectetuer/eget/rutrum.png,US,United States
Skilith,Education,565693,935-277-4970,Sec malig neo sm bowel,Competitor,24,http://amazon.com/sed/tristique/in/tempus.js,US,United States
Devpulse,Education,210542,284-391-1370,Joint dis NEC-pelvis,Competitor,41,http://bing.com/aliquam/convallis/nunc/proin/at/turpis/a.html,US,United States
Vimbo,Banking,287616,612-941-0003,Edema of eyelid,Reseller,41,http://examiner.com/blandit.js,US,United States
Quatz,Other,282926,937-109-3881,Prolonged 1st stage-unsp,Reseller,25,http://icq.com/mi/integer.png,US,United States
DabZ,Retail,324977,156-643-4071,"Impotence, organic orign",Competitor,11,http://ovh.net/in/hac/habitasse/platea.xml,US,United States
Shufflebeat,Utilities,512354,986-412-1166,Unilat cleft lip-imcompl,Investor,4,https://quantcast.com/integer/aliquet.png,US,United States
Skinix,Utilities,599641,304-703-8819,Disl interphaln hand-opn,Investor,45,http://bloomberg.com/ac/diam/cras/pellentesque.json,US,United States
Feedmix,Education,535286,395-572-4818,Adv eff mineral salt NEC,Competitor,1,http://hugedomains.com/integer/non/velit/donec/diam.js,US,United States
Meedoo,Utilities,538057,700-685-5327,Hpt dlt wo b w hpt coma,Investor,4,https://nifty.com/tristique/fusce/congue/diam.aspx,US,United States
Realfire,Utilities,51641,598-668-7874,Opn wnd eustach tb-compl,Reseller,14,https://nifty.com/ac/est/lacinia/nisi.js,US,United States
Dazzlesphere,Finance,94066,951-374-7281,Boat submers-pers NOS,Investor,10,http://fastcompany.com/suspendisse/potenti/in/eleifend/quam/a/odio.jpg,US,United States
Feedspan,Other,562566,771-580-2652,Anphylct react crstacns,Customer,46,https://marriott.com/diam/in/magna.jsp,US,United States
Browsebug,,607146,422-325-7821,Alt esotropia w a pattrn,Investor,34,https://mediafire.com/libero/nam/dui/proin.json,US,United States
Dabshots,Electronics,452321,944-449-7512,Undeterm circ-scald,Partner,20,https://umn.edu/purus.jsp,US,United States
Wikido,Media,55581,427-945-6522,Injury-caustic substance,Customer,37,https://barnesandnoble.com/auctor/gravida/sem/praesent/id/massa/id.jpg,US,United States
Twimbo,Healthcare,86116,530-574-6626,RR acc NOS-pedestrian,Reseller,29,https://symantec.com/arcu/sed/augue/aliquam.png,US,United States
Ailane,Retail,56624,731-245-0710,Matern distress-postpart,Reseller,26,http://bizjournals.com/suspendisse/potenti.js,US,United States
Brainbox,Education,150656,138-814-1291,Hx failed mod sedation,Customer,18,https://shinystat.com/justo/sit/amet/sapien/dignissim/vestibulum.png,US,United States
Kwimbee,,326481,426-541-0644,Serous labyrinthitis,Customer,4,http://discuz.net/convallis/nunc/proin/at/turpis/a/pede.xml,US,United States
Zoovu,Agriculture,490967,658-412-4082,Unpow aircrf acc-gr crew,Customer,22,https://1und1.de/quam/pharetra.json,US,United States
Livetube,Education,,718-816-9765,"Recent detachment, total",Competitor,46,http://walmart.com/consequat/nulla.jpg,US,United States
Meetz,Electronics,557650,534-634-4252,Fall NEC,Competitor,24,http://dagondesign.com/rutrum.jsp,US,United States
Gabtune,,452369,862-456-2495,Oth coll stndng obj-driv,Reseller,23,http://bravesites.com/ac/lobortis/vel.aspx,US,United States
Dynazzy,,351499,743-547-2539,Spinal cord disease NOS,Customer,29,http://google.cn/sit/amet/justo/morbi/ut/odio/cras.json,US,United States
Divavu,Retail,473028,606-557-2057,Opn skul/oth fx w/o coma,Reseller,48,http://java.com/id/lobortis/convallis.html,US,United States
Devshare,Media,53104,105-228-0506,Aftrcare path fx arm NOS,Competitor,25,https://reuters.com/pharetra/magna/ac/consequat/metus/sapien.xml,US,United States
Edgewire,Electronics,330612,869-733-3918,Sec mal neo mediastinum,Partner,49,http://google.pl/libero.js,US,United States
Eimbee,Agriculture,207058,883-875-4209,Acc cut/hem w scope exam,Customer,6,https://ask.com/ipsum/ac/tellus/semper.html,US,United States
Rhybox,Education,616386,471-833-1391,Prog myositis ossificans,Competitor,36,http://ox.ac.uk/pede/justo/lacinia/eget.aspx,US,United States
Wordtune,Banking,286108,180-132-5034,Amniotic infect-antepart,Customer,32,https://mozilla.org/velit/donec/diam.xml,US,United States
Yambee,Agriculture,534294,168-183-0702,Cannabis depend-contin,Reseller,27,https://jiathis.com/nulla/integer/pede/justo/lacinia/eget.aspx,US,United States
Tambee,Utilities,,858-544-3354,Gonorrhea-postpartum,Competitor,8,http://photobucket.com/dui/vel.jsp,US,United States
Youbridge,Utilities,515752,448-109-7621,Inj head/neck vessel NOS,Partner,41,http://psu.edu/a/nibh/in.js,US,United States
Jabbersphere,Education,383714,571-369-7967,Perforation gallbladder,Investor,27,http://prweb.com/in/tempus.png,US,United States
Dynazzy,Media,382517,802-449-9108,Contusion of hip,Customer,33,http://yahoo.co.jp/sagittis/nam/congue/risus/semper.xml,US,United States
Cogidoo,Utilities,74923,802-729-6690,Fit/adj perit dial cath,Customer,38,https://blogs.com/fusce/consequat/nulla/nisl/nunc/nisl/duis.png,US,United States
Lazz,Education,276381,455-901-6572,Crush inj shoulder & arm,Partner,28,https://t.co/nibh.aspx,US,United States
Meeveo,Finance,408134,402-667-2670,Malaria NOS,Investor,41,http://etsy.com/volutpat/eleifend.html,US,United States
Midel,Agriculture,86612,431-660-1513,Fall on escalator,Investor,25,http://unicef.org/natoque/penatibus.html,US,United States
Snaptags,Media,74296,418-471-9499,Aftrcre traum fx vertebr,Partner,32,http://comcast.net/sagittis/sapien/cum/sociis/natoque.jsp,US,United States
Oyonder,Agriculture,439954,971-845-8753,Malnutrition mild degree,Customer,15,http://etsy.com/diam/nam.js,US,United States
Ozu,Electronics,609788,184-871-5529,Poison-psychotropic NEC,Investor,12,http://accuweather.com/orci/nullam.aspx,US,United States
Topiclounge,Banking,115186,345-727-1167,Benign neoplasm choroid,Partner,11,https://ameblo.jp/donec/posuere/metus/vitae/ipsum/aliquam/non.jsp,US,United States
Quimm,Other,570960,634-128-8127,Air press chnge: aircrft,Reseller,26,https://indiegogo.com/leo/odio.html,US,United States
Layo,Utilities,696467,408-459-1843,Adv eff hormones NEC/NOS,Competitor,7,http://cnn.com/sit/amet/nunc/viverra/dapibus/nulla/suscipit.png,US,United States
Meezzy,,467143,311-879-5616,Sec DM renal uncontrld,Partner,8,http://mit.edu/dolor/quis/odio/consequat/varius/integer/ac.html,US,United States
Shufflester,,,865-728-6393,Missed abortion,Customer,9,https://ihg.com/potenti/in/eleifend/quam/a/odio.png,US,United States
Shufflebeat,Electronics,612575,778-564-2889,Retracted nipple-deliver,Investor,23,http://naver.com/leo/maecenas/pulvinar/lobortis/est.json,US,United States
Zoozzy,Utilities,383585,303-545-1668,Dislocat sacrum-closed,Customer,1,https://nasa.gov/vulputate/elementum/nullam/varius/nulla/facilisi.aspx,US,United States
Topdrive,Electronics,135924,509-706-6539,Inj superf nerv head/nck,Reseller,35,https://china.com.cn/molestie/nibh/in/lectus.png,US,United States
Avamba,Healthcare,348569,364-598-2203,Second malig neo adrenal,Partner,13,http://irs.gov/augue/vestibulum/ante/ipsum/primis.xml,US,United States
Tazzy,Retail,308707,309-694-0635,Matern distres-del w p/p,Partner,39,http://xinhuanet.com/nisl/ut/volutpat/sapien.json,US,United States
Gigashots,Agriculture,521657,306-226-2716,Injury-NEC,Partner,36,http://myspace.com/arcu/sed/augue/aliquam/erat/volutpat.aspx,US,United States
Omba,Education,549842,347-955-8601,Rough housing/horseplay,Investor,42,https://gov.uk/ut/at/dolor.jsp,US,United States
Yakitri,Other,305821,993-818-7061,Mal crcnd prim site unkn,Partner,41,https://usda.gov/felis/donec/semper/sapien/a.png,US,United States
Tagchat,Agriculture,692509,175-557-0741,Ac maxillary sinusitis,Investor,31,https://mac.com/hac/habitasse/platea/dictumst/morbi/vestibulum.html,US,United States
Thoughtmix,Other,504456,404-573-6862,Endocarditis NOS,Partner,8,http://360.cn/diam/vitae/quam.html,US,United States
Shuffletag,Electronics,82626,667-559-1632,Merkel cell ca-trunk,Partner,31,https://cbslocal.com/blandit/nam/nulla.png,US,United States
Realfire,Education,337348,594-352-5366,Nonsp abn find-gi tract,Competitor,5,http://tmall.com/phasellus/sit/amet/erat/nulla.jpg,US,United States
Skimia,Utilities,179546,517-365-6914,"Polydactyly, toes",Reseller,41,https://umn.edu/cum.aspx,US,United States
Tagtune,Finance,122449,897-709-9035,Viral arthritis-up/arm,Competitor,39,https://multiply.com/morbi/odio/odio/elementum/eu.js,US,United States
Skaboo,Healthcare,380516,366-970-3203,Periostitis-up/arm,Customer,7,https://google.com.au/sit/amet/lobortis/sapien/sapien.aspx,US,United States
Riffpedia,Education,693720,678-233-3726,Crushing injury arm NOS,Partner,7,https://narod.ru/bibendum/imperdiet/nullam/orci/pede/venenatis/non.aspx,US,United States
Topiclounge,Retail,626533,671-561-8478,TB sp crd absc-micro dx,Competitor,2,http://live.com/nulla/tempus/vivamus/in/felis/eu/sapien.jpg,US,United States
Zazio,Retail,151134,740-468-0972,TB periph lymph-unspec,Customer,30,https://indiegogo.com/nunc.jpg,US,United States
Oyonder,Agriculture,510923,405-952-9272,Vacc-typhoid-paratyphoid,Customer,35,https://bandcamp.com/ut/at/dolor/quis.aspx,US,United States
Wikibox,Other,378825,354-813-6036,Joint dis NEC-oth jt,Partner,31,http://fda.gov/donec/quis/orci/eget/orci/vehicula.json,US,United States
Viva,Electronics,636122,835-475-1227,Osteochondropathy NOS,Partner,15,https://ftc.gov/sapien.js,US,United States
Trudeo,Media,246120,651-948-9283,Congenital nystagmus,Investor,41,https://time.com/massa.aspx,US,United States
Reallinks,Healthcare,103933,485-346-4381,Cerebel lacerat w/o coma,Customer,28,https://aol.com/vehicula.jpg,US,United States
Dabfeed,Utilities,172321,904-286-6354,Oth ob surg compl-unspec,Partner,17,http://guardian.co.uk/justo.aspx,US,United States
Thoughtbridge,Media,657611,807-730-6824,Opn skul fx NEC-mod coma,Competitor,6,https://google.de/ipsum/primis.aspx,US,United States
Jetpulse,Education,391033,801-412-4114,Neutropenia d/t infectn,Competitor,23,https://google.com.hk/consectetuer/adipiscing/elit/proin/risus.json,US,United States
Innotype,Media,501909,943-453-9491,Other ulcerative colitis,Reseller,26,http://pinterest.com/aenean/sit/amet.js,US,United States
Topicblab,Finance,405627,295-373-7734,Oth lymp unsp xtrndl org,Investor,50,http://sakura.ne.jp/praesent/blandit/nam.jpg,US,United States
Demivee,Agriculture,601739,144-628-5022,Gstr/ddnts NOS w/o hmrhg,Investor,17,https://hc360.com/lacinia/eget.jpg,US,United States
Browsezoom,Media,598389,570-741-5860,Loose body-up/arm,Partner,41,https://shinystat.com/eu/interdum/eu/tincidunt/in/leo/maecenas.html,US,United States
Tazzy,Healthcare,516623,470-794-8349,Biliary cirrhosis,Customer,14,https://booking.com/sem.aspx,US,United States
Tambee,Agriculture,617456,343-133-7689,3rd deg burn breast,Competitor,17,https://constantcontact.com/eros.aspx,US,United States
Avaveo,Banking,283260,888-776-6948,Tox eff lead compnd NOS,Reseller,46,https://shutterfly.com/luctus/cum.png,US,United States
Tagpad,Electronics,381719,203-608-6201,Hpt B chrn wo cm wo dlta,Partner,24,http://geocities.com/nisl/ut/volutpat/sapien.jpg,US,United States
Quimm,Electronics,284060,254-703-9326,Gonococcal keratosis,Investor,6,https://hud.gov/non/mattis/pulvinar/nulla/pede.jpg,US,United States
Pixoboo,Finance,,775-849-6590,Poisoning-antiasthmatics,Customer,47,http://answers.com/quam/fringilla/rhoncus/mauris/enim.html,US,United States
Aivee,Media,165308,383-592-6825,TB lung fibros-histo dx,Customer,27,http://about.com/ut/massa.html,US,United States
Yozio,Agriculture,414658,205-738-0358,Anom eyelid/lacr/orb NEC,Customer,20,https://samsung.com/rhoncus/aliquam/lacus/morbi/quis/tortor/id.xml,US,United States
Riffwire,Finance,370198,666-556-8254,Joint pain-jt NEC,Competitor,2,http://infoseek.co.jp/eu/magna/vulputate/luctus.aspx,US,United States
Kanoodle,Utilities,454632,738-187-5664,Hypertrophy tonsils,Partner,6,https://ted.com/turpis/sed/ante/vivamus/tortor.jsp,US,United States
Yambee,Retail,183242,966-396-0888,Oth func dsdr bladder,Investor,9,https://samsung.com/justo.js,US,United States
Rooxo,Utilities,332496,715-786-6720,Antepart hem NEC-antepar,Investor,21,http://intel.com/quam/turpis.html,US,United States
Leexo,Utilities,321308,826-474-0277,Pelv fx-opn w/o pelv dis,Partner,23,https://bluehost.com/ligula/vehicula/consequat/morbi/a.jpg,US,United States
Tazzy,Utilities,633792,292-459-5707,Uns myl leuk w rmsion,Partner,20,http://jalbum.net/dignissim/vestibulum/vestibulum/ante/ipsum.js,US,United States
Skiba,Media,285082,483-686-2999,Syph dissem retinitis,Customer,25,http://sfgate.com/magna/vestibulum/aliquet.png,US,United States
Dablist,Retail,586006,243-420-9587,Prev matern surg aff NB,Reseller,18,http://biglobe.ne.jp/quisque/id/justo/sit/amet/sapien/dignissim.jsp,US,United States
Gigashots,Electronics,578131,370-638-1009,Traum arthropathy-hand,Partner,19,http://fastcompany.com/lacus.json,US,United States
Browsecat,Media,604671,303-975-4802,Palsy of conjugate gaze,Reseller,36,http://prweb.com/dis/parturient/montes/nascetur/ridiculus/mus.json,US,United States
Skalith,Finance,258441,463-133-0332,Hypertrph nasal turbinat,Reseller,9,http://senate.gov/hac.xml,US,United States
Agivu,Other,222843,860-312-1222,Chr pulmonary embolism,Partner,11,http://myspace.com/faucibus/cursus/urna/ut.png,US,United States
Devpoint,Media,539052,561-386-9798,Intracranial abscess,Partner,7,https://engadget.com/in/hac.aspx,US,United States
Avavee,Healthcare,181238,604-404-2850,Rabies contact,Investor,42,https://simplemachines.org/curae/mauris/viverra/diam.xml,US,United States
Lazzy,Agriculture,68145,125-222-4957,Snow veh acc-pedest,Customer,32,http://huffingtonpost.com/in.html,US,United States
Wikizz,Agriculture,238090,481-862-8832,Legal abort w embol-inc,Partner,9,http://weather.com/nulla/suscipit/ligula/in.png,US,United States
BlogXS,Agriculture,185681,450-209-0944,Sprain of neck,Customer,21,http://topsy.com/in/faucibus/orci.html,US,United States
Thoughtbeat,Education,552734,593-691-9084,Cl skull vlt fx w/o coma,Investor,44,http://msn.com/vestibulum.json,US,United States
Mymm,Banking,631659,570-214-2929,Plantar nerve lesion,Partner,9,http://amazon.co.jp/non.aspx,US,United States
Brainlounge,Electronics,342807,161-713-9259,Contraceptive mangmt NOS,Competitor,1,https://mayoclinic.com/semper/rutrum/nulla.png,US,United States
Centidel,Utilities,382837,162-194-1206,"Panniculitis, site NEC",Investor,7,https://acquirethisname.com/eu.json,US,United States
Abatz,Agriculture,295154,696-753-7202,Opn skul vlt fx w/o coma,Partner,45,http://bandcamp.com/luctus/cum/sociis/natoque/penatibus/et.jpg,US,United States
Kwideo,Other,277669,520-253-8029,Male genital dis NOS,Investor,32,https://barnesandnoble.com/mattis/odio/donec/vitae.js,US,United States
Avavee,Agriculture,,209-875-0518,Abn kidney funct study,Customer,18,https://newyorker.com/purus.json,US,United States
Rhynoodle,Finance,50488,714-438-6730,Twin NOS-nonhosp,Investor,26,http://mit.edu/quisque/porta/volutpat/erat/quisque/erat/eros.html,US,United States
Yodel,Utilities,647584,217-839-5210,Infect fol infus/inj/vac,Competitor,10,https://youtu.be/turpis.json,US,United States
Demimbu,Utilities,65303,190-740-6500,Open wound of toe,Competitor,38,http://home.pl/mattis/nibh/ligula/nec/sem/duis/aliquam.js,US,United States
Yodo,Finance,433859,714-796-2688,Colostomy status,Investor,28,http://nasa.gov/nulla/dapibus.png,US,United States
Eayo,Other,80544,561-381-5289,NB bilious vomiting,Competitor,48,http://reverbnation.com/phasellus/sit/amet/erat/nulla.json,US,United States
Zoombeat,Banking,506958,441-642-2754,Adenoviral pneumonia,Investor,2,http://linkedin.com/velit.json,US,United States
Ailane,Healthcare,615293,655-126-1082,Chronic nasopharyngitis,Partner,23,http://fotki.com/rutrum/at.html,US,United States
Trilith,Banking,330059,219-358-0723,Reticulosarcoma inguin,Partner,21,https://washington.edu/odio/donec/vitae/nisi/nam.jpg,US,United States
Centidel,Finance,142184,578-626-1622,Pancreatic disease NOS,Partner,7,http://harvard.edu/proin/at.aspx,US,United States
Skajo,Finance,367177,684-446-2756,Vaccin for leishmaniasis,Customer,3,https://hostgator.com/blandit/mi/in/porttitor.png,US,United States
Dabtype,Media,508156,214-736-3836,Ant disloc humerus-open,Customer,47,http://narod.ru/parturient.json,US,United States
Plambee,Education,455180,415-490-7556,Taeniasis NOS,Investor,27,https://java.com/etiam.xml,US,United States
Cogidoo,Healthcare,167922,662-870-7256,Trigonitis,Competitor,31,http://pagesperso-orange.fr/faucibus/cursus/urna/ut/tellus.jpg,US,United States
Wordify,Agriculture,,578-261-9358,Uterine size des-antepar,Reseller,4,http://hexun.com/fusce.xml,US,United States
Fiveclub,Retail,687664,149-195-0851,Unpower aircraft acc-occ,Investor,2,http://salon.com/et/ultrices/posuere/cubilia/curae/nulla.aspx,US,United States
Kimia,,,790-360-2207,Act lymp leuk in relapse,Competitor,30,https://meetup.com/vestibulum/eget.js,US,United States
Photofeed,Utilities,683359,615-614-4428,Abdmnal rgdt epigastric,Competitor,31,https://biblegateway.com/nisl/venenatis.png,US,United States
Eadel,Media,464090,523-407-3372,Psychogenic pain NOS,Reseller,26,http://dmoz.org/integer/ac/neque/duis/bibendum.xml,US,United States
Katz,Healthcare,167936,153-804-4168,Burn NOS face NEC,Partner,47,http://reddit.com/habitasse.jpg,US,United States
Yakidoo,Education,229218,805-467-7752,Fecal urgency,Reseller,45,http://statcounter.com/porttitor/lacus.jsp,US,United States
Skinix,Agriculture,213727,489-889-5940,Mult opn wnd should-comp,Competitor,27,https://wikispaces.com/odio/condimentum/id/luctus/nec/molestie.js,US,United States
Katz,Healthcare,70575,600-956-8877,Injury-handgun,Competitor,5,https://cbslocal.com/eu/nibh/quisque/id/justo/sit/amet.jpg,US,United States
Aivee,Education,684343,677-901-7689,Curvature of spine NOS,Competitor,50,https://oracle.com/curae/duis/faucibus.jpg,US,United States
Quatz,Retail,107950,100-691-1865,"BMI 26.0-26.9,adult",Competitor,27,https://mail.ru/fusce/lacus/purus/aliquet/at.xml,US,United States
Browsebug,Electronics,232299,620-948-3226,Varic vein leg preg-unsp,Competitor,39,https://nhs.uk/dapibus/augue.png,US,United States
Trilith,Education,340289,195-309-8528,Mal neo cervix uteri NOS,Investor,21,http://eepurl.com/leo/odio.html,US,United States
Jabbersphere,Other,263550,191-622-9931,TB of spleen-unspec,Customer,25,http://pbs.org/sem/mauris/laoreet/ut/rhoncus.png,US,United States
Fanoodle,Utilities,,395-390-1859,Cns TB NOS-micro dx,Partner,29,https://discuz.net/nulla/integer/pede/justo/lacinia.png,US,United States
Edgeify,Finance,328987,619-200-9157,Persistent hypersomnia,Customer,34,https://photobucket.com/tincidunt.jpg,US,United States
Gigashots,Retail,403748,390-228-0093,2nd deg burn upper arm,Investor,42,https://google.de/pede/justo/lacinia/eget/tincidunt.js,US,United States
Agivu,Media,608958,316-478-1502,37+ comp wks gestation,Reseller,14,https://weibo.com/libero/nullam.json,US,United States
Shufflebeat,Retail,324709,673-689-7273,Late eff FB in orifice,Customer,33,https://nydailynews.com/ut/erat/id/mauris/vulputate/elementum.png,US,United States
Tavu,,152047,560-714-2547,Ureteral fistula,Partner,24,http://forbes.com/suspendisse/accumsan/tortor/quis/turpis/sed/ante.xml,US,United States
Meevee,Other,678828,769-451-7618,Angina decubitus,Partner,10,http://ow.ly/posuere.jsp,US,United States
Oyondu,Retail,70770,504-947-0581,Pelvic deform NOS-unspec,Customer,37,https://diigo.com/ultrices/posuere/cubilia.jpg,US,United States
DabZ,Education,695923,755-610-1945,Stress incontinence male,Reseller,34,http://dropbox.com/nulla/ac/enim/in/tempor.xml,US,United States
Vimbo,Retail,91223,172-912-7736,Malnutrition mild degree,Reseller,8,http://economist.com/dignissim/vestibulum/vestibulum/ante/ipsum/primis.png,US,United States
Buzzdog,,206833,525-326-4895,TB pneumonia-no exam,Investor,6,https://shareasale.com/odio/donec/vitae/nisi/nam/ultrices/libero.jpg,US,United States
Voonyx,Media,495764,645-831-0236,Late ef-hemplga dom side,Investor,9,https://nbcnews.com/tristique/fusce/congue/diam.js,US,United States
Centizu,Healthcare,94520,914-555-2080,Conjunctival edema,Reseller,33,https://wikipedia.org/hac/habitasse/platea/dictumst/morbi/vestibulum.xml,US,United States
Fadeo,Other,239779,742-326-4532,Placenta previa-antepart,Partner,2,https://hp.com/ut/odio/cras/mi.json,US,United States
Reallinks,Electronics,330694,860-783-9221,Glaucoma NEC,Reseller,12,http://zimbio.com/egestas/metus/aenean/fermentum/donec/ut.html,US,United States
Buzzshare,Other,369443,181-862-5960,Volunteer activity,Customer,26,https://multiply.com/blandit/lacinia/erat/vestibulum/sed.js,US,United States
Skyvu,Media,139258,229-561-9142,Placen prev hem-antepart,Investor,45,https://un.org/pretium.html,US,United States
Twitterworks,Education,246963,651-515-5352,Lt eff intracranial inj,Customer,44,https://i2i.jp/quis/lectus/suspendisse/potenti/in/eleifend/quam.png,US,United States
Twinte,Education,337095,662-473-5706,Sylvatic yellow fever,Customer,36,http://hugedomains.com/pellentesque/quisque/porta/volutpat/erat.xml,US,United States
Leenti,Utilities,189582,986-682-3297,Acc d/t weightless envir,Competitor,17,https://ox.ac.uk/nec/condimentum/neque/sapien.html,US,United States
Zoomcast,Finance,544385,197-884-2736,"Fx mid/prx phal, hand-op",Customer,5,http://spotify.com/sapien/non/mi/integer.png,US,United States
Trupe,Utilities,253640,196-454-5574,"Fx clavicl, stern end-cl",Partner,30,http://dailymotion.com/felis/eu/sapien/cursus.jpg,US,United States
Devpoint,Agriculture,636441,232-405-9991,Bartholin's glnd abscess,Reseller,9,http://linkedin.com/nibh/in/quis/justo/maecenas/rhoncus.jpg,US,United States
Eire,Media,621047,372-386-7194,Injury saphenous vein,Competitor,21,https://webs.com/praesent/lectus/vestibulum.jpg,US,United States
Voonix,Healthcare,484379,806-307-4464,Pyrophosph cryst-forearm,Investor,4,http://prlog.org/bibendum/felis/sed/interdum.xml,US,United States
Feedbug,,639762,346-543-7540,Abn react-surg proc NOS,Investor,2,https://berkeley.edu/diam.xml,US,United States
Ntag,Banking,663775,273-997-7243,Ankylosis-lower/leg,Investor,11,https://ehow.com/pulvinar/lobortis/est/phasellus.json,US,United States
Youbridge,Education,,313-596-2308,Crush inj scapul region,Reseller,48,https://bizjournals.com/mauris/laoreet/ut/rhoncus/aliquet/pulvinar/sed.aspx,US,United States
Dynabox,Education,599325,546-780-3926,Trans ischemic deafness,Investor,45,https://51.la/nisi/venenatis.js,US,United States
Fiveclub,Healthcare,327317,870-369-1559,Infl myopathy in oth dis,Investor,20,http://issuu.com/augue/vestibulum.xml,US,United States
Quatz,Media,146095,466-385-8321,Antepartum hem NEC-deliv,Partner,29,https://xing.com/at/turpis/a/pede/posuere.html,US,United States
Layo,Retail,,815-938-4372,Toxoplasm conjunctivitis,Reseller,1,https://qq.com/vestibulum/aliquet/ultrices/erat/tortor.json,US,United States
Oodoo,Media,550081,274-103-9243,Disproportn reconst brst,Customer,16,https://ted.com/vestibulum/sed/magna/at/nunc/commodo.json,US,United States
Topdrive,Utilities,691823,420-683-2169,Chondrocalcin NOS-pelvis,Reseller,3,http://diigo.com/faucibus.png,US,United States
Bubblebox,Banking,90294,909-470-2848,Lipoma skin NEC,Partner,12,http://google.com.hk/aliquam/sit/amet/diam/in/magna.xml,US,United States
Browsetype,Utilities,225711,499-840-8929,Gingival recess-moderate,Reseller,31,https://xrea.com/aenean/sit/amet/justo/morbi/ut/odio.html,US,United States
Browsebug,Retail,260068,465-853-8845,Pinta intermed lesions,Investor,8,http://va.gov/in/porttitor/pede/justo/eu.xml,US,United States
Tanoodle,Electronics,344683,902-560-9877,Adv eff mercury diuretic,Partner,21,http://npr.org/phasellus/in.js,US,United States
Innojam,Other,,932-899-0598,Rheum pulmon valve dis,Investor,18,https://rakuten.co.jp/quam/a/odio/in.xml,US,United States
Riffwire,Banking,187878,784-712-8868,Sft tisue - kpsi's srcma,Customer,39,https://cornell.edu/ac/diam/cras.html,US,United States
Kare,Utilities,424653,355-479-8789,"Del-twins, 1 nb, 1 sb",Reseller,20,http://hp.com/lorem/ipsum/dolor/sit/amet.jsp,US,United States
Tagfeed,Education,331438,507-502-1997,Chr venous hypr w inflam,Reseller,14,https://bandcamp.com/turpis.jsp,US,United States
Devpoint,Retail,431551,887-763-4235,Vitreous anomalies,Competitor,28,https://forbes.com/id/nulla/ultrices.json,US,United States
Eire,Other,498460,510-834-6541,Pancreat cyst/pseudocyst,Customer,12,http://seesaa.net/vitae/consectetuer/eget.xml,US,United States
Jamia,Utilities,119528,489-202-2355,Attn rem nonsurg dressng,Investor,17,http://zdnet.com/donec/semper/sapien/a/libero/nam/dui.jsp,US,United States
Zoomdog,Banking,257645,586-890-4403,Firearm accident NEC,Customer,1,https://salon.com/vel.json,US,United States
Camimbo,Agriculture,419598,939-807-3121,Pouchitis,Customer,23,https://smugmug.com/magnis/dis/parturient.js,US,United States
Riffpedia,Banking,492442,447-295-9102,Wegener's granulomatosis,Partner,30,https://spotify.com/neque/duis.jpg,US,United States
Skippad,Education,489074,754-683-3288,3rd burn w loss-head NOS,Customer,6,http://yahoo.co.jp/ultrices/aliquet.json,US,United States
Thoughtbridge,Electronics,494882,591-723-8775,Synovitis NOS,Investor,18,https://skyrock.com/nam/dui/proin.html,US,United States
Yabox,Healthcare,256644,371-874-0103,Dysthymic disorder,Partner,10,https://ibm.com/rutrum/at/lorem.json,US,United States
Skilith,Healthcare,349946,586-617-6679,Nasal polyp NOS,Customer,50,http://paypal.com/a/feugiat/et.js,US,United States
Trupe,Electronics,625599,882-352-8967,Watrcrft acc NEC-swimmer,Partner,43,http://smugmug.com/sit/amet.aspx,US,United States
Jaxnation,Utilities,485972,981-314-8658,Edema d/t contact lens,Partner,11,https://google.ca/ante/vel/ipsum.js,US,United States
Wikizz,Retail,179266,352-956-4922,Disorders of thyroid NEC,Customer,50,http://businesswire.com/quisque/erat/eros/viverra/eget/congue/eget.jpg,US,United States
Abata,Healthcare,174331,211-820-0701,Sprain sacroiliac,Reseller,46,http://privacy.gov.au/a/libero.html,US,United States
Tanoodle,Other,192097,715-888-4594,Rehabilitation proc NEC,Reseller,23,http://virginia.edu/sit/amet/lobortis/sapien/sapien.json,US,United States
Aivee,Media,187768,517-463-5385,3rd deg burn mult finger,Competitor,2,http://indiatimes.com/nunc/rhoncus/dui.js,US,United States
Skalith,Retail,671977,317-681-0225,Tropical pyomyositis,Partner,23,http://php.net/duis/at.jsp,US,United States
Divanoodle,Healthcare,234009,718-928-8229,Screening for leprosy,Customer,50,http://infoseek.co.jp/dis/parturient/montes/nascetur/ridiculus/mus.jpg,US,United States
Tazz,Finance,258707,340-306-3934,Mult myelm w remission,Customer,19,https://unicef.org/rutrum/rutrum/neque/aenean/auctor/gravida/sem.png,US,United States
Blognation,Education,585504,398-806-4652,Abn react-cardiac cath,Reseller,26,https://hc360.com/sem/mauris/laoreet/ut.jpg,US,United States
Photospace,Other,165500,677-176-2464,Reiter arthritis-forearm,Partner,22,http://reference.com/justo/maecenas/rhoncus/aliquam/lacus/morbi.json,US,United States
Voonte,Agriculture,367551,708-645-9963,Subclavian aneurysm,Customer,40,http://amazon.com/at/vulputate/vitae/nisl/aenean/lectus.jsp,US,United States
Kayveo,Electronics,,834-535-7793,Del w 1 deg lacerat-del,Reseller,43,https://theguardian.com/curabitur/at/ipsum.js,US,United States
Topiczoom,Utilities,253045,320-392-0149,Atrioven block-mobitz ii,Customer,33,http://epa.gov/ligula.jsp,US,United States
Mymm,Banking,653105,341-979-5063,Cubitus valgus,Competitor,23,http://wunderground.com/cras/in/purus.aspx,US,United States
Fivebridge,Agriculture,405544,948-400-3910,Cent giant cell granulom,Competitor,50,https://wikispaces.com/ut/dolor/morbi/vel.png,US,United States
Voolith,,588030,562-315-4516,Biliary & liver anom NOS,Reseller,40,http://cbslocal.com/nulla/ultrices/aliquet/maecenas.jsp,US,United States
Gigaclub,Finance,199498,792-418-8238,Fam hx MEN syndrome,Reseller,11,https://google.es/interdum/mauris/non/ligula.json,US,United States
Oba,Utilities,575293,525-510-9330,RR acc w explos-pers NEC,Competitor,17,http://engadget.com/dignissim/vestibulum/vestibulum/ante/ipsum.html,US,United States
Feedfish,Media,692367,181-837-5137,Retain prod concept-unsp,Competitor,41,https://imageshack.us/aenean/lectus/pellentesque/eget/nunc/donec/quis.png,US,United States
Livetube,Electronics,212157,314-624-2692,TB brain abscess-no exam,Customer,12,https://chicagotribune.com/faucibus/orci/luctus/et/ultrices/posuere/cubilia.aspx,US,United States
Camido,Finance,365733,536-689-5103,Toxic eff caustic alkali,Competitor,47,http://domainmarket.com/libero/non/mattis.html,US,United States
Dabvine,Education,402928,737-632-3128,Mycs fng unsp xtrndl org,Investor,47,http://typepad.com/massa/donec/dapibus/duis/at/velit.png,US,United States
Eidel,Electronics,65830,672-580-6031,Mal neo visceral pleura,Customer,41,https://spiegel.de/purus/aliquet/at/feugiat/non/pretium.js,US,United States
Skidoo,Finance,256415,192-272-8857,Preterm NEC 1250-1499g,Investor,4,https://rediff.com/pharetra/magna/vestibulum/aliquet.jsp,US,United States
Photojam,Banking,351542,487-929-8683,Pelv fx-clos/pelv disrup,Investor,36,https://icio.us/lectus/in/est/risus/auctor/sed/tristique.html,US,United States
Shufflebeat,Utilities,519261,236-637-3846,Inj internal carotid art,Reseller,8,https://creativecommons.org/quis.jpg,US,United States
Yacero,Education,680243,954-871-1294,Salmonella septicemia,Partner,12,http://nifty.com/scelerisque.js,US,United States
Eidel,Utilities,689988,929-832-0923,Pneum w cytomeg incl dis,Competitor,3,https://flavors.me/at.png,US,United States
Dablist,Healthcare,481524,884-530-2999,Eosinophilic gastroent,Investor,4,http://nih.gov/in/tempor/turpis/nec/euismod.aspx,US,United States
Yata,Education,595119,417-667-9652,Burkitt's tumor axilla,Competitor,49,http://rambler.ru/sapien/a/libero/nam/dui.png,US,United States
Brainbox,Banking,561222,114-378-3339,Injury splenic artery,Customer,19,https://alibaba.com/sit/amet/cursus/id/turpis.aspx,US,United States
Talane,Electronics,377296,799-116-7943,No vaccin-caregiv refuse,Partner,21,http://amazon.co.jp/donec/dapibus/duis.html,US,United States
Plajo,Banking,100310,955-434-8335,Oth postsurgery lordosis,Competitor,39,https://blogs.com/amet/consectetuer/adipiscing.html,US,United States
Wikibox,Media,122953,951-258-1158,Refsum's disease,Investor,42,http://nyu.edu/ultrices/mattis/odio/donec.aspx,US,United States
Browsezoom,Media,288065,961-951-6610,Jt stiffness NEC-up/arm,Investor,42,https://chron.com/pellentesque/quisque/porta.html,US,United States
Fliptune,Agriculture,280683,868-505-0976,Testicular dysfunct NEC,Competitor,11,http://deliciousdays.com/in.jsp,US,United States
Brainlounge,Healthcare,569704,538-887-6064,Isol tracheal tb-cult dx,Customer,11,https://economist.com/pellentesque/ultrices/phasellus/id.json,US,United States
Roombo,Utilities,388831,764-270-8481,Stress incontinence male,Customer,35,https://godaddy.com/at.xml,US,United States
Yotz,Finance,453796,242-229-1886,Sprain of ribs,Competitor,1,https://cmu.edu/potenti/in.xml,US,United States
Skippad,,627022,233-164-7134,Fistula of gallbladder,Customer,25,https://youku.com/ac/leo/pellentesque.json,US,United States
Demimbu,Other,230045,968-187-1500,Oth coll mov obj-rider,Competitor,31,http://skyrock.com/aliquam/augue/quam/sollicitudin/vitae.aspx,US,United States
Feedmix,Banking,105807,893-868-7521,Adv eff blood agent NOS,Reseller,48,https://technorati.com/luctus/et/ultrices/posuere/cubilia/curae.json,US,United States
Oyoba,Finance,689563,151-571-1662,Epistaxis,Competitor,17,http://prlog.org/ultrices/posuere/cubilia/curae/duis.js,US,United States
Viva,Other,510910,230-575-8133,Cl skul fx NEC-deep coma,Competitor,50,http://eepurl.com/risus/praesent/lectus/vestibulum/quam.html,US,United States
Topicstorm,Education,388555,902-515-4444,Single lb in-hosp w/o cs,Customer,2,https://ibm.com/lacus/morbi.jpg,US,United States
Reallinks,Utilities,669105,887-944-9878,"Subendo infarct, unspec",Partner,47,https://toplist.cz/eget.jpg,US,United States
Lajo,Healthcare,136333,642-513-5779,Talipes equinovarus,Investor,4,http://virginia.edu/lobortis/est.js,US,United States
Babbleopia,Electronics,487226,852-422-8676,Oth coll stnd obj-st car,Investor,39,https://samsung.com/sollicitudin/vitae/consectetuer/eget.jpg,US,United States
Realfire,Electronics,309491,227-789-9506,Psorias related dis NEC,Reseller,23,http://symantec.com/varius/integer/ac/leo.html,US,United States
Quire,Finance,684903,872-876-9791,Dev disloc jt-site NEC,Customer,47,http://mapy.cz/nunc/nisl/duis.jsp,US,United States
Abata,Electronics,459302,391-569-7269,Polio osteopathy-forearm,Customer,20,https://techcrunch.com/in/felis.aspx,US,United States
Vipe,Other,340347,733-527-7660,Obsv-adult antisoc behav,Reseller,17,http://rambler.ru/sodales/sed/tincidunt/eu/felis.html,US,United States
Fliptune,Other,583260,800-873-7732,Hypopyon,Competitor,46,http://linkedin.com/porta/volutpat.json,US,United States
Realbridge,Banking,528499,884-634-4984,Pneumonia e coli,Reseller,9,http://nationalgeographic.com/morbi.jsp,US,United States
Babbleblab,Other,117119,326-916-3755,Cord compress NEC-unspec,Investor,20,https://springer.com/rutrum/neque.xml,US,United States
Devcast,Retail,215017,929-212-4145,Kidney laceration-closed,Partner,16,http://ebay.co.uk/in.js,US,United States
Thoughtsphere,,689283,401-373-5330,Oth abn Pap smr anus/HPV,Reseller,20,https://cmu.edu/dictumst/morbi/vestibulum/velit/id/pretium/iaculis.xml,US,United States
Viva,Other,472216,913-672-3420,Benign neo lymph nodes,Reseller,28,https://mashable.com/eget.html,US,United States
Bluezoom,Electronics,647228,153-910-4753,Toxic effect metals NEC,Competitor,15,https://hp.com/est/et/tempus/semper/est/quam/pharetra.json,US,United States
Topicware,Retail,445055,224-130-9489,Cornea degeneration NEC,Partner,26,http://weebly.com/aenean/fermentum/donec/ut/mauris/eget.xml,US,United States
Vitz,Electronics,110286,902-813-0192,Hiccough,Investor,28,https://artisteer.com/a/nibh/in/quis/justo.html,US,United States
Eidel,Agriculture,309765,830-756-9124,Pyoderma NOS,Competitor,49,http://paypal.com/id.json,US,United States
Browsezoom,Banking,163322,754-557-9899,Resp cond dt smoke inhal,Customer,37,https://washington.edu/nec/molestie/sed/justo/pellentesque/viverra.json,US,United States
Buzzbean,,328691,661-831-5774,Benign neo oropharyn NEC,Competitor,10,http://ebay.co.uk/luctus/et/ultrices/posuere.json,US,United States
