id,Name,Industry,AnnualRevenue,Phone,Description,Type,Mobile,Title,Email,LeadSource,Department,Home Phone,Other Phone,Billing Country,Billing State,Billing Street,Billing City,Billing Postal Code,Employees,Website,Gender Identity,Mailing Country,Mailing State,Mailing Street,Mailing City,Mailing Postal Code,FirstName,LastName
1,Tazz,Consulting Education,68536,937-249-0471,Supervision of pregnancy with history of ectopic pregnancy,Integrator,212-621-2265,Desktop Support Technician,lstell0@joomla.org,Advertisement,Product Management,510-715-7973,610-640-2544,United States,Ohio,23 Cascade Court,Dayton,45432,64,https://our-page.com,Female,United States,New York,16818 Sommers Alley,New York City,10024,Lucilia,Stell
2,Agimba,Telecommunications,73666,917-555-2233,"Displ commnt fx shaft of r tibia, 7thD",Customer,973-902-6978,Account Executive,hnewlan1@godaddy.com,Web,Engineering,513-524-1574,718-169-9282,United States,New York,899 Mesta Place,Brooklyn,11231,50,https://company-site.com,Female,United States,New Jersey,279 Susan Court,Newark,07104,Holli,Newlan
3,Twitterbeat,Telecommunications,43039,916-965-6157,"Nondisp commnt fx shaft of rad, r arm, 7thP",Press,253-256-9844,Developer II,rferronier2@unicef.org,Advertisement,Sales,260-340-6431,828-219-1934,United States,California,267 Dryden Trail,Sacramento,95818,45,https://company-site.com,Female,United States,Washington,3 Mandrake Center,Tacoma,98464,Row,Ferronier
4,Gigashots,Healthcare,54901,512-908-1921,"Displ midcervical fx r femr, 7thE",Customer,612-442-3723,Product Engineer,dbecker3@google.com.au,Other,Research and Development,260-653-6490,202-243-7908,United States,Texas,2771 Union Circle,Austin,78783,96,https://our-page.com,Female,United States,Minnesota,223 Portage Trail,Minneapolis,55441,Dorry,Becker
5,Gabtune,Agriculture,39082,432-150-6612,"Displ apophyseal fx unsp femr, 7thF",Integrator,704-515-3596,Analog Circuit Design manager,crodinger4@vkontakte.ru,Advertisement,Sales,979-596-1226,571-616-5935,United States,Texas,734 Bluejay Street,Odessa,79764,82,https://test-site.com,Male,United States,North Carolina,84 Anthes Parkway,Charlotte,28284,Cos,Rodinger
6,Roombo,Consulting Education,62807,513-644-0138,"Oth tear of lat mensc, current injury, unsp knee, sequela",Integrator,361-921-1590,VP Marketing,eneames5@tripod.com,Other,Services,251-846-8915,714-899-9137,United States,Ohio,3138 Toban Parkway,Cincinnati,45999,11,https://test-site.com,Female,United States,Texas,9422 Merry Drive,Corpus Christi,78470,Ellyn,Neames
7,Chatterbridge,Chemicals,20241,415-654-5355,"Idiopathic chronic gout, right knee",Press,414-430-6257,Safety Technician III,jspolton6@nsw.gov.au,Partner,Sales,559-997-4458,508-364-2248,United States,California,89170 Lighthouse Bay Terrace,San Francisco,94121,59,https://test-site.com,Male,United States,Wisconsin,0 Randy Pass,Milwaukee,53215,Janek,Spolton
8,Livefish,Consulting Education,89538,772-806-1332,"Abrasion, unspecified great toe, subsequent encounter",Reseller,609-273-7846,Nuclear Power Engineer,bcordoba7@tuttocitta.it,Other,Sales,904-335-5720,212-386-3720,United States,Florida,61116 Bluejay Drive,Fort Pierce,34981,98,https://our-page.com,Female,United States,New Jersey,423 Bluejay Alley,Trenton,08608,Bettye,Cordoba
9,Zoomlounge,Consulting Education,80137,202-879-6381,"Sltr-haris Type I physl fx low end r fibula, 7thG",Integrator,949-364-3090,Community Outreach Specialist,ltrumble8@amazon.com,Advertisement,Business Development,503-871-7995,210-563-4076,United States,Virginia,8 Badeau Terrace,Alexandria,22301,77,https://test-site.com,Male,United States,California,65733 Hollow Ridge Parkway,Los Angeles,90010,Lisle,Trumble
10,Vitz,Consulting Education,25725,203-606-4792,"Oth osteopor w crnt path fx, r forearm, 7thP",Integrator,214-445-5401,Senior Developer,rberger9@narod.ru,Partner,Human Resources,225-625-3281,303-891-2874,United States,Connecticut,097 Sherman Avenue,Bridgeport,06606,27,https://test-site.com,Male,United States,Texas,11310 Raven Road,Dallas,75387,Rocky,Berger
11,Thoughtmix,Banking,69591,716-391-8355,"Oth incomplete lesion at C4, sequela",Investor,212-453-4391,Chemical Engineer,afaulknera@delicious.com,Partner,Marketing,850-453-3057,806-510-0417,United States,New York,70318 Carey Crossing,Buffalo,14220,36,https://test-site.com,Male,United States,New York,94 Northwestern Junction,New York City,10249,Alonzo,Faulkner
12,Zooxo,Healthcare,72529,432-287-1781,"Disp fx of trapezoid, right wrist, subs for fx w delay heal",Integrator,307-192-9442,Automation Specialist IV,fwarenb@state.gov,Other,Business Development,479-141-6857,202-627-9881,United States,Texas,601 Eggendart Trail,Midland,79705,66,https://company-site.com,Female,United States,Wyoming,4141 Westridge Trail,Cheyenne,82007,Florentia,Waren
13,Viva,Banking,16420,214-273-9093,"Displ transverse fx unsp patella, 7thQ",Integrator,702-428-6165,Operator,cgiorgiellic@ocn.ne.jp,Other,Support,509-459-3037,954-998-0221,United States,Texas,0933 Pennsylvania Trail,Dallas,75353,79,https://test-site.com,Female,United States,Nevada,177 Waubesa Point,Las Vegas,89150,Carolin,Giorgielli
14,Fadeo,Consulting Education,81595,713-874-3629,"Injury of cervical sympathetic nerves, subsequent encounter",Customer,913-785-5202,Teacher,vpaveld@utexas.edu,Web,Accounting,901-807-0016,407-740-8607,United States,Texas,0 Sage Pass,Houston,77206,88,https://company-site.com,Female,United States,Kansas,0766 Dunning Street,Kansas City,66160,Vickie,Pavel
15,Riffpedia,Chemicals,93526,408-297-9603,Postprocedural hemorrhage of ear/mastd following a procedure,Reseller,260-351-9810,Cost Accountant,esmize@fda.gov,Advertisement,Accounting,717-359-9619,904-644-2758,United States,California,1245 Forest Run Way,San Jose,95123,28,https://test-site.com,Female,United States,Indiana,7 Mitchell Park,Fort Wayne,46814,Enrichetta,Smiz
16,Livetube,Banking,95864,339-413-1254,Cecoureterocele,Customer,901-682-2205,Developer IV,dgudginf@sitemeter.com,Advertisement,Business Development,205-590-5372,213-358-4820,United States,Massachusetts,74 Kingsford Parkway,Woburn,01813,33,https://company-site.com,Male,United States,Tennessee,11214 Bunker Hill Drive,Memphis,38126,Darill,Gudgin
17,Tanoodle,Telecommunications,24546,208-801-0420,"Unsp inj unsp musc/fasc/tend at wrs/hnd lv, unsp hand, sqla",Investor,-254-7761,Computer Systems Analyst IV,jspikeingsg@redcross.org,Partner,Human Resources,615-158-9629,757-375-1642,United States,Idaho,10244 Nevada Street,Boise,83732,35,https://our-page.com,Male,United States,Pennsylvania,734 Luster Road,Pittsburgh,15266,Jehu,Spikeings
18,Topdrive,Chemicals,86473,731-818-0619,Phantom limb syndrome with pain,Investor,865-414-6877,Research Assistant II,efarreilh@blog.com,Other,Training,937-546-4491,336-356-7784,United States,Tennessee,79 Lake View Point,Jackson,38308,28,https://company-site.com,Male,United States,Tennessee,125 Reinke Crossing,Knoxville,37924,Eal,Farreil
19,Quatz,Communications,87024,651-354-3920,"Other instability, right wrist",Press,815-885-3592,VP Sales,rbulchi@telegraph.co.uk,Advertisement,Engineering,850-610-7331,941-262-9818,United States,Minnesota,26433 Banding Court,Saint Paul,55115,6,https://company-site.com,Male,United States,Illinois,1 Mariners Cove Street,Rockford,61110,Rickie,Bulch
20,Oloo,Communications,25537,202-295-0646,"Cracked nipple associated with pregnancy, third trimester",Customer,805-436-1984,Senior Quality Engineer,kposthillj@google.com,Web,Sales,570-168-6977,912-590-9564,United States,District of Columbia,13473 Eagle Crest Pass,Washington,20005,97,https://company-site.com,Male,United States,California,9 Bultman Circle,Simi Valley,93094,King,Posthill
21,Voonder,Banking,57005,804-477-1129,Drug/chem diab w mild nonprlf diabetic rtnop w macular edema,Investor,770-549-4600,VP Accounting,ascarsbrookek@ezinearticles.com,Partner,Human Resources,626-541-3030,210-577-8104,United States,Virginia,38019 Village Place,Richmond,23237,12,https://our-page.com,Female,United States,Georgia,94 Del Sol Junction,Norcross,30092,Arlen,Scarsbrooke
22,Wikizz,Healthcare,70089,706-742-9591,"Sltr-haris Type III physl fx upper end humer, r arm, 7thD",Reseller,812-149-6793,Help Desk Operator,gboughenl@hubpages.com,Advertisement,Legal,212-183-1862,407-307-1524,United States,Georgia,98967 7th Parkway,Augusta,30911,47,https://test-site.com,Male,United States,Indiana,64 Park Meadow Park,Terre Haute,47805,Giffer,Boughen
23,Blognation,Agriculture,25390,337-244-1281,Personal history of malignant neoplasm of trachea,Integrator,407-512-7397,Chemical Engineer,bguyanm@thetimes.co.uk,Advertisement,Support,616-558-7656,720-582-7309,United States,Louisiana,0 Oriole Center,Lake Charles,70616,66,https://our-page.com,Male,United States,Florida,78188 Atwood Terrace,Kissimmee,34745,Barbabas,Guyan
24,Chatterbridge,Chemicals,62322,305-964-6748,"Inj right innominate or subclavian vein, init encntr",Investor,770-910-9629,VP Accounting,ckinnettn@123-reg.co.uk,Partner,Accounting,347-900-8408,480-111-2635,United States,Florida,21 Macpherson Plaza,Miami,33283,24,https://test-site.com,Female,United States,Georgia,181 Sutteridge Parkway,Atlanta,30328,Crissy,Kinnett
25,Tambee,Banking,84315,313-116-5023,"War operations involving flamethrower, military personnel",Reseller,330-805-9236,Registered Nurse,kcoppoo@adobe.com,Partner,Research and Development,520-882-5568,907-504-6045,United States,Michigan,35 Maywood Street,Detroit,48217,34,https://our-page.com,Male,United States,Ohio,03 Northridge Lane,Youngstown,44555,Karim,Coppo
26,Yata,Agriculture,27604,314-310-7113,Antidiarrheal drugs,Customer,773-674-7414,Account Executive,jgolledgep@cdc.gov,Partner,Support,816-745-5182,571-212-7840,United States,Missouri,648 Eastlawn Court,Saint Louis,63126,37,https://our-page.com,Female,United States,Illinois,64158 Dovetail Circle,Chicago,60636,Jane,Golledge
27,Demizz,Telecommunications,73662,210-371-5566,"Breakdown of surgically created AV shunt, sequela",Press,214-645-1818,Editor,cgrunwaldq@loc.gov,Other,Marketing,404-847-1433,310-308-9665,United States,Texas,5116 Summit Alley,San Antonio,78220,84,https://test-site.com,Female,United States,Texas,12 Holy Cross Plaza,Dallas,75379,Celia,Grunwald
28,Oyondu,Agriculture,66206,804-137-6034,"Unsp trochanteric fracture of unsp femur, init for clos fx",Investor,602-258-4959,Financial Advisor,gparmenterr@newyorker.com,Partner,Services,608-939-7252,619-279-4412,United States,Virginia,77 Dapin Road,Richmond,23220,59,https://our-page.com,Male,United States,Arizona,364 Bashford Way,Phoenix,85062,Grantley,Parmenter
29,Linklinks,Banking,65139,563-551-9874,"Pnctr w/o fb of unsp external genital organs, male, subs",Reseller,727-436-8179,Biostatistician III,odjorvics@prweb.com,Advertisement,Research and Development,213-412-9408,937-911-1386,United States,Iowa,62394 Lotheville Plaza,Davenport,52809,55,https://company-site.com,Male,United States,Florida,6 Hoffman Plaza,Clearwater,34615,Omar,Djorvic
30,Flashset,Agriculture,29323,757-176-2379,"Driver of dune buggy injured in traffic accident, subs",Press,850-974-4304,Financial Advisor,eferrellit@addthis.com,Advertisement,Accounting,646-408-5207,850-819-5480,United States,Virginia,938 Bonner Road,Norfolk,23509,69,https://our-page.com,Female,United States,Florida,1824 Kenwood Avenue,Pensacola,32511,Elsi,Ferrelli
31,Chatterpoint,Banking,99801,214-991-6589,Quadruplet pregnancy with two or more monoamniotic fetuses,Integrator,310-327-7628,Staff Accountant II,jpancoustu@nasa.gov,Web,Services,202-665-8549,626-540-6463,United States,Texas,5 Bluejay Avenue,Dallas,75226,46,https://company-site.com,Female,United States,California,2370 Dottie Way,Los Angeles,90045,Jandy,Pancoust
32,Avamba,Consulting Education,27113,562-929-8636,Carcinoma in situ of penis,Integrator,602-121-9947,VP Product Management,cheinishv@etsy.com,Advertisement,Sales,917-558-2370,714-225-2808,United States,California,2 Lillian Lane,Los Angeles,90045,14,https://test-site.com,Female,United States,Arizona,293 Spohn Parkway,Phoenix,85030,Cecilla,Heinish
33,Fiveclub,Chemicals,56859,919-792-3290,"Passenger on bus injured in clsn w pedl cyc in traf, init",Reseller,862-222-9511,Staff Accountant IV,dpencostw@google.nl,Web,Engineering,251-809-4694,304-350-7036,United States,North Carolina,712 Bunker Hill Junction,Raleigh,27605,15,https://our-page.com,Male,United States,New Jersey,9760 Westport Park,Newark,07195,Dani,Pencost
34,Youspan,Agriculture,38730,571-106-3197,"Hypothyroidism, unspecified",Press,267-470-1125,Design Engineer,nreadshawx@printfriendly.com,Advertisement,Engineering,509-542-9895,651-243-5655,United States,Virginia,08439 Warbler Street,Fairfax,22036,67,https://our-page.com,Female,United States,Pennsylvania,7176 Clarendon Center,Philadelphia,19136,Nessi,Readshaw
35,Blogspan,Agriculture,56447,234-666-2222,"Anaplastic large cell lymphoma, ALK-neg, nodes mult site",Customer,702-935-8527,Project Manager,tsarfassy@skype.com,Advertisement,Human Resources,414-716-4777,571-781-9539,United States,Ohio,922 Dexter Terrace,Canton,44760,89,https://test-site.com,Female,United States,Nevada,5067 6th Court,Las Vegas,89178,Tomasine,Sarfass
36,Oozz,Telecommunications,98526,337-799-2922,"Corrosion of third degree of left hand, unsp site, init",Press,304-674-9993,Compensation Analyst,pgalfourz@cocolog-nifty.com,Partner,Sales,325-886-2688,336-568-9850,United States,Louisiana,9 Bonner Way,Lafayette,70593,55,https://our-page.com,Male,United States,West Virginia,9 Parkside Drive,Huntington,25705,Park,Galfour
37,Bluejam,Telecommunications,86062,602-408-9797,"Oth physl fx upper end unsp fibula, subs for fx w malunion",Integrator,831-753-0626,Actuary,bfarahar10@simplemachines.org,Other,Engineering,727-545-8105,251-684-9059,United States,Arizona,058 Main Park,Tempe,85284,11,https://company-site.com,Male,United States,California,348 Hermina Street,Salinas,93907,Brooks,Farahar
38,Jabbertype,Banking,72922,408-405-3240,"Post-traumatic urethral stricture, male, unspecified",Integrator,765-414-3945,Geologist III,mboshier11@opera.com,Other,Research and Development,559-771-1252,254-633-5031,United States,California,7179 Cambridge Point,San Jose,95155,23,https://test-site.com,Female,United States,Indiana,76095 6th Avenue,Lafayette,47905,Marti,Boshier
39,Jaxnation,Consulting Education,74806,918-297-2197,Injury of blood vessel of thumb,Integrator,612-387-7118,VP Quality Control,cenrrico12@wunderground.com,Web,Support,304-789-6207,423-854-8670,United States,Oklahoma,0 Mallard Place,Tulsa,74149,45,https://company-site.com,Female,United States,Minnesota,5335 1st Crossing,Minneapolis,55458,Conny,Enrrico
40,Yombu,Healthcare,31332,262-717-4525,"Burn of 3rd deg mu sites of unsp ankle and foot, subs",Press,520-466-7749,Environmental Specialist,gbarlie13@unesco.org,Advertisement,Training,806-415-4199,412-439-8204,United States,Wisconsin,6215 Logan Place,Racine,53405,39,https://company-site.com,Male,United States,Arizona,85 Jay Terrace,Tucson,85725,George,Barlie
41,Oyoloo,Banking,51850,831-549-4741,"Staphylococcal arthritis, left hand",Reseller,614-777-3641,Desktop Support Technician,cdods14@fda.gov,Web,Business Development,281-131-7358,605-581-7019,United States,California,6190 Lunder Trail,Salinas,93907,5,https://our-page.com,Female,United States,Ohio,651 Pankratz Place,Columbus,43268,Cinnamon,Dods
42,Roodel,Telecommunications,15356,713-377-6628,Genetic susceptibility to malignant neoplasm of prostate,Integrator,775-273-8132,Human Resources Manager,wmcneill15@ehow.com,Web,Marketing,316-224-5841,646-215-3462,United States,Texas,295 Summerview Circle,Houston,77030,55,https://company-site.com,Female,United States,Nevada,25 Shasta Court,Carson City,89714,Wini,McNeill
43,Vinte,Healthcare,77258,410-902-0729,"Passenger on bus injured in collision w hv veh in traf, subs",Press,814-935-8707,Project Manager,lczadla16@oakley.com,Partner,Services,786-819-5228,774-811-5751,United States,Maryland,57512 Lien Parkway,Baltimore,21216,45,https://company-site.com,Male,United States,Pennsylvania,26 Merrick Crossing,Erie,16534,Lammond,Czadla
44,Aibox,Agriculture,24753,208-245-4393,"Corros 2nd deg mul right fingers (nail), inc thumb, sequela",Reseller,210-589-1758,Professor,aodonegan17@addtoany.com,Web,Research and Development,202-797-1426,502-394-8652,United States,Idaho,393 Bellgrove Plaza,Boise,83732,55,https://company-site.com,Female,United States,Texas,873 Fuller Parkway,San Antonio,78215,Ann,O'Donegan
45,Muxo,Healthcare,12124,212-604-5545,"Focal chorioretinal inflammation, peripheral, unsp eye",Integrator,801-715-3439,Assistant Manager,jmcgerraghty18@dmoz.org,Partner,Sales,407-366-2487,831-213-0393,United States,New York,3 Sommers Circle,New York City,10292,12,https://our-page.com,Female,United States,Utah,857 Mccormick Parkway,Salt Lake City,84110,Julieta,McGerraghty
46,Gigaclub,Communications,79092,952-854-8452,Rheumatoid myopathy with rheumatoid arthritis of hip,Investor,251-702-3340,Sales Associate,lmcmyler19@sogou.com,Partner,Legal,202-189-4082,804-403-1725,United States,Minnesota,12 Ruskin Road,Young America,55551,49,https://company-site.com,Male,United States,Alabama,04814 Lakewood Gardens Parkway,Mobile,36670,Loydie,McMyler
47,Jazzy,Agriculture,44698,770-829-1128,"Poisoning by oth drug/meds/biol subst, self-harm, sequela",Press,405-353-9547,Clinical Specialist,pwollaston1a@washingtonpost.com,Web,Accounting,915-119-5776,614-139-5173,United States,Georgia,7194 Green Ridge Terrace,Alpharetta,30022,89,https://our-page.com,Male,United States,Oklahoma,1595 Browning Center,Oklahoma City,73190,Patrick,Wollaston
48,Zazio,Agriculture,44511,404-566-2286,"Infection of nipple associated w pregnancy, third trimester",Investor,814-856-0575,Librarian,bollivierre1b@trellian.com,Other,Engineering,704-976-4093,850-303-6279,United States,Georgia,02 Stephen Crossing,Atlanta,31132,60,https://company-site.com,Male,United States,Pennsylvania,316 Clove Road,Erie,16534,Bearnard,Ollivierre
49,Flipstorm,Consulting Education,42489,309-946-0700,"Patulous Eustachian tube, right ear",Integrator,602-146-1222,Community Outreach Specialist,aturbitt1c@examiner.com,Advertisement,Human Resources,254-881-0310,786-576-3302,United States,Illinois,7349 Buhler Park,Peoria,61651,86,https://our-page.com,Male,United States,Arizona,97 Mallard Way,Phoenix,85083,Alfy,Turbitt
50,Aivee,Healthcare,66703,859-696-8746,"Displ oblique fx shaft of r tibia, 7thP",Press,803-424-3314,Programmer IV,ahuncote1d@vkontakte.ru,Other,Product Management,808-940-3238,601-491-1882,United States,Kentucky,0417 Boyd Circle,Lexington,40546,19,https://our-page.com,Female,United States,South Carolina,5254 Gale Point,Aiken,29805,Aggie,Huncote
